Stock,Headline,Timestamp,Sentiment,ParsedTime
URBN,Urban Outfitters: Fiscal Q4 Earnings Snapshot,2024-02-27 19:30:00,neutral,2024-07-27 10:06:24.403297
URBN,Why Urban Outfitters (URBN) Stock Is Nosediving,2024-02-28 16:21:00,neutral,2024-07-27 10:06:24.403287
URBN,"Boston Beer, Urban Outfitters fall, Alcon, Axon Enterprise rise, Wednesday, 2/28/2024",2024-02-29 08:50:00,neutral,2024-07-27 10:06:24.403285
URBN,"These Stocks Are Moving the Most Today: Beyond Meat, eBay, Boston Beer, UnitedHealth, Axon, Lemonade, Progyny, and More",2024-03-01 12:00:00,neutral,2024-07-27 10:06:24.403284
URBN,"These Stocks Moved the Most Today: Beyond Meat, eBay, Boston Beer, UnitedHealth, Axon, Lemonade, Progyny, and More",2024-03-04 09:50:00,neutral,2024-07-27 10:06:24.403283
URBN,"Despite Fast-paced Momentum, Urban Outfitters (URBN) Is Still a Bargain Stock",2024-03-05 02:01:00,neutral,2024-07-27 10:06:24.403282
URBN,Urban Outfitters (URBN) is a Great Momentum Stock: Should You Buy?,2024-03-06 02:01:00,neutral,2024-07-27 10:06:24.403281
URBN,Here's Why Urban Outfitters (URBN) is a Strong Momentum Stock,2024-03-19 13:57:00,positive,2024-07-27 10:06:24.403280
URBN,What To Expect From Abercrombie and Fitchs (ANF) Q4 Earnings,2024-03-28 11:30:00,neutral,2024-07-27 10:06:24.403279
URBN,What To Expect From Gaps (GPS) Q4 Earnings,2024-04-12 09:40:00,neutral,2024-07-27 10:06:24.403277
URBN,What Retail Apocalypse? 7 Stocks Proving the Doomsayers Wrong.,2024-04-15 17:44:00,neutral,2024-07-27 10:06:24.403276
URBN,Fleece Police: PETA Comes After Free People for Use of Wool,2024-04-17 16:38:00,neutral,2024-07-27 10:06:24.403272
URBN,Effectively Defunct Le Tote Loses Trade Secrets Lawsuit to Urban Outfitters,2024-04-18 15:30:00,neutral,2024-07-27 10:06:24.403264
URBN,"Urban Outfitters (URBN) Gains on Expansion, Innovative Approach",2024-04-23 14:35:00,neutral,2024-07-27 10:06:24.403262
URBN,Urban Outfitters parent streamlines omnichannel payment,2024-05-02 16:53:00,neutral,2024-07-27 10:06:24.403261
URBN,Urban Outfitters streamlines omnichannel payment,2024-05-06 10:52:00,neutral,2024-07-27 10:06:24.403260
BRK-B,"Earnings, Berkshire Hathaway, Milken Conference: 3 Things",2024-05-06 17:26:00,neutral,2024-07-27 10:06:24.402385
BRK-B,Decoding Berkshire Hathaway Inc (BRK.A): A Strategic SWOT Insight,2024-05-07 17:02:00,neutral,2024-07-27 10:06:24.402357
BRK-B,Warren Buffett's $56 Billion Silent Warning to Wall Street May Portend Trouble for Stocks,2024-05-08 12:33:00,neutral,2024-07-27 10:06:24.402356
URBN,Urban Outfitters Stock Back In Style After Bounce Off 50-Day Line?,2024-05-09 09:40:00,neutral,2024-07-27 10:06:24.403259
BRK-B,Buffett and Munger Mark the End of an Era,2024-05-09 10:08:00,neutral,2024-07-27 10:06:24.402354
BRK-B,Berkshire Hathaway Q1 Earnings: A Detailed Analysis,2024-05-10 05:06:00,neutral,2024-07-27 10:06:24.402352
BRK-B,"Is Berkshire Hathaway Stock Going to $734,820? 1 Wall Street Analyst Thinks So.",2024-05-11 10:27:00,neutral,2024-07-27 10:06:24.402351
BRK-B,Berkshire Hathaway Is Great. Here's Why You Shouldn't Buy It.,2024-05-13 16:30:00,neutral,2024-07-27 10:06:24.402347
URBN,Why the denim comeback is bad news for LuluLemon: Analyst,2024-05-14 10:00:00,neutral,2024-07-27 10:06:24.403258
BRK-B,Warren Buffett's $189 Billion Subtle Warning to Wall Street Shouldn't Be Ignored,2024-05-14 14:01:00,neutral,2024-07-27 10:06:24.402346
GDDY,GoDaddy's Bob Parsons on his new book 'Fire in the Hole!',2024-05-15 19:05:00,neutral,2024-07-27 10:06:24.403034
BRK-B,Tom Russo's Strategic Moves in Q1 2024: A Closer Look at Berkshire Hathaway's Adjustment,2024-05-15 21:19:00,neutral,2024-07-27 10:06:24.402342
URBN,Here's Why Urban Outfitters (URBN) is a Strong Value Stock,2024-05-16 10:20:00,positive,2024-07-27 10:06:24.403255
GDDY,Why We Should Stop Telling Employees To Advocate for Themselves,2024-05-16 15:15:00,positive,2024-07-27 10:06:24.403032
BRK-B,Buffett's Berkshire Hathaway reveals $7B stake in Chubb,2024-05-16 15:20:00,neutral,2024-07-27 10:06:24.402335
BRK-B,"Hedge funds increase exposure to tech, pull back on housing",2024-05-17 05:06:00,positive,2024-07-27 10:06:24.402333
URBN,Earnings Preview: Urban Outfitters (URBN) Q1 Earnings Expected to Decline,2024-05-17 12:24:00,positive,2024-07-27 10:06:24.403254
GDDY,GoDaddy 2023 Sustainability Report: About GoDaddy  2023 Highlights and Priorities,2024-05-17 17:22:00,positive,2024-07-27 10:06:24.403030
BRK-B,"Warren Buffett's Berkshire Confirms Apple Sale, Dumps This PC Maker, Finally Reveals Mystery Stock: Here Are The Portfolio Changes To Know",2024-05-19 05:30:00,neutral,2024-07-27 10:06:24.402331
BRK-B,"Bill Gates Sells Microsoft, Berkshire Hathaway Shares In Q1: Are These Still Top Positions?",2024-05-20 05:06:00,neutral,2024-07-27 10:06:24.402330
GDDY,7 Explosive Tech Stocks Set to Dominate the Decade,2024-05-20 14:00:00,neutral,2024-07-27 10:06:24.403029
URBN,"UBS Raises Urban Outfitters Price Target to $43 From $42, Maintains Neutral Rating",2024-05-20 17:11:00,neutral,2024-07-27 10:06:24.403251
GDDY,"Godaddy Insider Sold Shares Worth $542,497, According to a Recent SEC Filing",2024-05-21 16:45:00,neutral,2024-07-27 10:06:24.403027
URBN,Urban Outfitters Rises on Strength of Anthropologie Brand,2024-05-21 21:48:00,positive,2024-07-27 10:06:24.403237
URBN,Q1 2025 Urban Outfitters Inc Earnings Call,2024-05-22 16:21:00,neutral,2024-07-27 10:06:24.403221
BRK-B,Where Will Berkshire Hathaway Be in 10 Years?,2024-05-22 18:04:00,neutral,2024-07-27 10:06:24.402327
GDDY,"Life Is Better as an Entrepreneur and Survey Respondents Agree, According to GoDaddy Research",2024-05-22 20:20:00,neutral,2024-07-27 10:06:24.403024
GDDY,GoDaddy Inc. Announces Refinancing of Tranche B-4 Term Loans,2024-05-23 10:15:00,neutral,2024-07-27 10:06:24.403023
GDDY,GoDaddy 2023 Sustainability Report: Our Customers  Inclusive Entrepreneurship,2024-05-24 10:15:00,positive,2024-07-27 10:06:24.403021
BRK-B,Here Are All 44 Stocks Warren Buffett Holds for Berkshire Hathaway's $378 Billion Portfolio,2024-05-27 08:46:00,neutral,2024-07-27 10:06:24.402324
URBN,"These Stocks Are Moving the Most Today: Nvidia, Target, First Solar, Analog Devices, Petco, Lululemon, ViaSat, and More",2024-05-27 09:40:00,neutral,2024-07-27 10:06:24.403220
URBN,Why Urban Outfitters (URBN) is a Top Value Stock for the Long-Term,2024-05-28 03:01:00,positive,2024-07-27 10:06:24.403216
GDDY,What Is Imposter Syndrome and How Do I Overcome It?,2024-05-28 10:15:00,neutral,2024-07-27 10:06:24.403020
URBN,Abercrombie and Fitch (ANF) Reports Earnings Tomorrow: What To Expect,2024-05-29 03:02:00,neutral,2024-07-27 10:06:24.403215
GDDY,GoDaddy 2023 Sustainability Report: Our Customers  Innovation,2024-05-29 20:01:00,positive,2024-07-27 10:06:24.403014
GDDY,15 Countries to Live Outside the US that Are So Cheap You Could Quit Your Job,2024-05-30 10:15:00,neutral,2024-07-27 10:06:24.403013
BRK-B,NetJets launches assault on elected pilot union official,2024-05-30 15:00:00,neutral,2024-07-27 10:06:24.402323
URBN,American Eagle (AEO) Reports Q1: Everything You Need To Know Ahead Of Earnings,2024-05-30 15:40:00,neutral,2024-07-27 10:06:24.403213
BRK-B,Warren Buffett's Biggest Purchases for Berkshire Hathaway Last Quarter Don't Show Up in Its Portfolio,2024-05-31 08:50:00,neutral,2024-07-27 10:06:24.402320
GDDY,Tech firm Hostinger - European rival to GoDaddy - breaks into profit,2024-05-31 17:12:00,neutral,2024-07-27 10:06:24.403010
GDDY,Black Women Lead Pittsburgh's Microbusiness Revival,2024-06-01 02:42:00,neutral,2024-07-27 10:06:24.403009
BRK-B,Berkshire Hathaway Profits From Crypto Despite Warren Buffet's Stance On Not Buying Even 'If All Were Offered To Me For $25',2024-06-01 08:01:00,neutral,2024-07-27 10:06:24.402319
BRK-B,Warren Buffetts son talks $800m aid efforts to Ukraine,2024-06-02 04:47:00,neutral,2024-07-27 10:06:24.402317
URBN,Next accused of copying Harley-Davidson in High Court row,2024-06-03 09:31:00,positive,2024-07-27 10:06:24.403208
GDDY,GoDaddy 2023 Sustainability Report: Our Employees  A Message From Our Chief People Officer,2024-06-03 10:15:00,positive,2024-07-27 10:06:24.403008
BRK-B,Berkshire Hathaway stock appears to drop 99.9% after NYSE technical glitch,2024-06-03 15:51:00,negative,2024-07-27 10:06:24.402312
BRK-B,"Berkshire Hathaway, Chipotle, More NYSE Stocks Hit With Trading Halts Triggered By Technical Issues (UPDATED)",2024-06-04 08:15:00,neutral,2024-07-27 10:06:24.402310
URBN,"Analyst Report: Urban Outfitters, Inc.",2024-06-04 16:01:00,neutral,2024-07-27 10:06:24.403206
GDDY,Why GoDaddy (GDDY) is a Top Momentum Stock for the Long-Term,2024-06-04 17:45:00,neutral,2024-07-27 10:06:24.403003
GDDY,GoDaddy Research: British Columbia is entrepreneurial epicentre of Canada,2024-06-05 10:15:00,neutral,2024-07-27 10:06:24.403001
BRK-B,NYSE resolves glitch that showed Berkshire Hathaway down 99%,2024-06-05 17:45:00,negative,2024-07-27 10:06:24.402307
URBN,"Urban Outfitters Stock At 6-Year High, Tops Key Benchmark",2024-06-06 00:01:00,neutral,2024-07-27 10:06:24.403204
BRK-B,Can Berkshire Hathaway Stock Keep Outpacing the S&P 500?,2024-06-06 06:28:00,neutral,2024-07-27 10:06:24.402306
GDDY,GoDaddy Research: Canberra Outperforms Australia's Largest Cities in Entrepreneurship,2024-06-06 10:15:00,positive,2024-07-27 10:06:24.402999
GDDY,Authentically Me: Meet Kay Piotrowski,2024-06-07 18:18:00,neutral,2024-07-27 10:06:24.402993
BRK-B,Occidental Petroleum and Berkshire Hathaway are Teaming Up to Help Solve a Huge Problem,2024-06-07 22:17:00,neutral,2024-07-27 10:06:24.402301
BRK-B,3 Magnificent Stocks Warren Buffett Can't Stop Buying,2024-06-08 02:04:00,neutral,2024-07-27 10:06:24.402299
GDDY,"KKR, CrowdStrike Holdings and GoDaddy Set to Join S&P 500; Others to Join S&P MidCap 400 and S&P SmallCap 600",2024-06-08 13:32:00,neutral,2024-07-27 10:06:24.402992
URBN,"Urban Outfitters Stock Near 6-Year High, Tops Key Benchmark",2024-06-10 09:50:00,neutral,2024-07-27 10:06:24.403202
BRK-B,The Most Profitable Insurance Company in the World,2024-06-10 16:00:00,neutral,2024-07-27 10:06:24.402296
GDDY,Apollo and 3 More Stocks Could Added to the S&P 500 Next,2024-06-10 18:23:00,neutral,2024-07-27 10:06:24.402970
GDDY,Dell and 4 More Stocks That Could Be Added to the S&P 500 Next,2024-06-11 10:15:00,neutral,2024-07-27 10:06:24.402966
BRK-B,Tesla shareholders will vote on Elon Musk's controversial $56B pay package this week: Here's what's at stake,2024-06-11 13:40:00,neutral,2024-07-27 10:06:24.402293
URBN,"The Unraveling of Rent the Runway, Explained",2024-06-12 09:40:00,neutral,2024-07-27 10:06:24.403201
GDDY,"Insider Sale: CEO Amanpal Bhutani Sells 7,600 Shares of GoDaddy Inc (GDDY)",2024-06-12 10:15:00,neutral,2024-07-27 10:06:24.402963
BRK-B,Berkshire Hathaway raises stake in Occidental Petroleum,2024-06-12 22:52:00,neutral,2024-07-27 10:06:24.402292
TGT,Goods inflation is finally fixed,2024-06-13 08:08:00,neutral,2024-07-27 10:06:24.403167
BRK-B,Google partners with Nevada utility for geothermal to power data centers,2024-06-13 08:30:00,neutral,2024-07-27 10:06:24.402288
GDDY,Prompting Discussions of Inclusivity: Meet Srinivasa Rao Sharma,2024-06-13 10:15:00,neutral,2024-07-27 10:06:24.402962
TGT,Target (TGT) Hikes Dividend by 1.8%: Key Insights for Investors,2024-06-14 16:30:00,neutral,2024-07-27 10:06:24.403163
TGT,Target's renewed private-label push fails to stem market share drop,2024-06-15 16:09:00,negative,2024-07-27 10:06:24.403162
GDDY,The 3 Most Overlooked Stocks Set for a Triple-Digit Comeback: June Edition,2024-06-17 10:15:00,neutral,2024-07-27 10:06:24.402961
TGT,"Is Alaska Air Group, Inc. (NYSE:ALK) the Top Airline Stock to Buy This Summer?",2024-06-17 16:36:00,neutral,2024-07-27 10:06:24.403156
GDDY,GoDaddy 2023 Sustainability Report: Our Employees - Pay Parity,2024-06-18 10:15:00,positive,2024-07-27 10:06:24.402958
BRK-B,Berkshire Hathaway boosts Occidental Petroleum stake,2024-06-18 16:01:00,neutral,2024-07-27 10:06:24.402281
TGT,Wall Street Favorites: 3 Dow Stocks With Strong Buy Ratings for June 2024,2024-06-18 22:08:00,neutral,2024-07-27 10:06:24.403152
TGT,"Shrinkflation, shoplifting, and self-checkout",2024-06-19 08:30:00,neutral,2024-07-27 10:06:24.403151
BRK-B,Warren Buffett's Berkshire Hathaway buys more Occidental Petroleum stock,2024-06-20 09:31:00,neutral,2024-07-27 10:06:24.402280
URBN,Here's Why Urban Outfitters (URBN) is a Strong Value Stock,2024-06-20 11:30:00,positive,2024-07-27 10:06:24.403199
TGT,Target Corporation (TGT): This Dividend King Raises Quarterly Payout By 2%,2024-06-20 12:28:00,neutral,2024-07-27 10:06:24.403142
GDDY,3 Stocks Set to Surge Higher on Their Recent S&P 500 Inclusion,2024-06-20 12:30:00,neutral,2024-07-27 10:06:24.402955
BRK-B,Warren Buffett Adds To His Favorite Energy Bet As Oil Prices Eke Above $80,2024-06-21 05:06:00,neutral,2024-07-27 10:06:24.402277
TGT,Target Is Rolling Out a New AI Tool. Retailers Are Embracing the Technology.,2024-06-21 09:37:00,neutral,2024-07-27 10:06:24.403139
GDDY,"Small-Business Owners Should Embrace Responsible AI, says GoDaddy",2024-06-21 10:15:00,neutral,2024-07-27 10:06:24.402954
BRK-B,GameStop should ditch retail and become a holding company like Warren Buffett's Berkshire Hathaway,2024-06-22 10:05:00,neutral,2024-07-27 10:06:24.402275
TGT,Target to introduce GenAI technology to store team members,2024-06-22 10:47:00,neutral,2024-07-27 10:06:24.403137
GDDY,3 Stocks to Buy That Are NOT in the S&P 500 (but Should Be),2024-06-23 06:35:00,neutral,2024-07-27 10:06:24.402951
TGT,Target (TGT) to Roll Out GenAI Tool Store Companion Nationwide,2024-06-23 09:45:00,neutral,2024-07-27 10:06:24.403136
GDDY,CrowdStrike Stock Is Getting Added to the S&P 500. But This Other New S&P 500 Addition Could Be a Better Bargain Buy.,2024-06-24 13:45:00,neutral,2024-07-27 10:06:24.402947
BRK-B,Warren Buffett Has Bought Shares of This Stock for 23 Consecutive Quarters -- and It's Not Chevron or Occidental Petroleum,2024-06-24 17:41:00,neutral,2024-07-27 10:06:24.402272
TGT,Target Teams Up With Shopify to Boost Marketplace,2024-06-24 18:02:00,neutral,2024-07-27 10:06:24.403122
GDDY,"KKR, CrowdStrike and GoDaddy Enter S&P 500",2024-06-25 10:15:00,neutral,2024-07-27 10:06:24.402945
TGT,Target (TGT) Partners With Shopify to Expand Target Plus Market,2024-06-25 15:43:00,neutral,2024-07-27 10:06:24.403109
URBN,"These 5 Retail Stocks Have Earnings Upside. Theyre Cheap, Too.",2024-06-26 09:50:00,neutral,2024-07-27 10:06:24.403195
TGT,Target Reshapes C-suite With New Eyes on Strategy and Merchandising,2024-06-26 10:18:00,neutral,2024-07-27 10:06:24.403108
BRK-B,Warren Buffett's PacifiCorp reaches $150 million wildfire settlement,2024-06-26 10:54:00,neutral,2024-07-27 10:06:24.402268
GDDY,GoDaddy 2023 Sustainability Report: Our Operations  Cybersecurity and Data Privacy,2024-06-26 17:25:00,positive,2024-07-27 10:06:24.402941
GDDY,3 Insanely Cheap Stocks Set to Benefit From AI Tailwinds in 2024,2024-06-27 16:45:00,neutral,2024-07-27 10:06:24.402938
BRK-B,A Closer Look at Berkshire Hathaway's Chubb Investment,2024-06-28 04:41:00,neutral,2024-07-27 10:06:24.402266
TGT,"Target (TGT) Gears Up for Target Circle Week, Promises Big Deals",2024-06-28 13:00:00,neutral,2024-07-27 10:06:24.403105
URBN,Why Urban Outfitters (URBN) is a Top Value Stock for the Long-Term,2024-06-28 16:21:00,positive,2024-07-27 10:06:24.403191
GDDY,Exploring Alternative Funding Models for Small Businesses,2024-06-28 18:17:00,neutral,2024-07-27 10:06:24.402935
TGT,Why Target (TGT) is a Great Dividend Stock Right Now,2024-06-29 10:30:00,neutral,2024-07-27 10:06:24.403102
GDDY,"DoorDash, Inc. (DASH): What Makes It One of the Best Growth Stocks To Buy Right Now?",2024-06-29 14:30:00,neutral,2024-07-27 10:06:24.402932
BRK-B,Berkshire Stock Glitch at NYSE Cost Interactive Brokers $48 Million,2024-06-29 18:26:00,neutral,2024-07-27 10:06:24.402265
BRK-B,Meet the Only 3 Stocks Billionaire Warren Buffett Has Continuously Owned Since 2000,2024-06-30 04:10:00,neutral,2024-07-27 10:06:24.402263
URBN,"American Eagle and 4 Other Retail Stocks With Earnings Upside. Theyre Cheap, Too.",2024-07-01 08:28:00,neutral,2024-07-27 10:06:24.403189
TGT,"Target Aims to Make Auden, Its Quality Intimates and Sleepwear Line, the Next Big Hit",2024-07-01 14:30:00,neutral,2024-07-27 10:06:24.403097
GDDY,"WIX, GDDY, RBRK: Which Strong Buy Tech Stock Is the Better Buy?",2024-07-01 16:15:00,neutral,2024-07-27 10:06:24.402931
BRK-B,Where Will Berkshire Hathaway Be in 10 Years?,2024-07-01 20:36:00,neutral,2024-07-27 10:06:24.402262
GDDY,1 Ridiculously Cheap Stock to Buy Hand Over Fist Right Now That Was Just Added to the S&P 500,2024-07-02 10:15:00,neutral,2024-07-27 10:06:24.402930
TGT,Target relaunches Auden intimates and sleepwear private label,2024-07-02 16:08:00,neutral,2024-07-27 10:06:24.403096
URBN,Urban Outfitters (URBN) FP Movement Aids Amid Cost Woes,2024-07-02 16:25:00,negative,2024-07-27 10:06:24.403187
GDDY,GoDaddy 2023 Sustainability Report: Our Operations  Content Safety,2024-07-03 11:14:00,positive,2024-07-27 10:06:24.402928
TGT,The 3 Best Robotics Stocks to Buy in July 2024,2024-07-03 13:00:00,neutral,2024-07-27 10:06:24.403094
GDDY,"Insider Sale: CEO Amanpal Bhutani Sells 4,500 Shares of GoDaddy Inc (GDDY)",2024-07-04 06:15:00,neutral,2024-07-27 10:06:24.402923
TGT,Tech Sector Fire Sale: 3 Must-Buy Stocks at Multi-Year Lows,2024-07-04 18:59:00,neutral,2024-07-27 10:06:24.403089
BRK-B,Should You Buy Berkshire Hathaway or This S&P 500 ETF?,2024-07-05 05:06:00,neutral,2024-07-27 10:06:24.402261
GDDY,From $10K to $100K: 3 Stocks to Achieve a 6-Figure Net Worth by 2030,2024-07-05 06:32:00,neutral,2024-07-27 10:06:24.402921
TGT,15 Most Loved Brands in the US,2024-07-05 08:08:00,neutral,2024-07-27 10:06:24.403087
URBN,Urban Outfitters Earns Relative Strength Rating Upgrade; Hits Key Threshold,2024-07-05 16:15:00,positive,2024-07-27 10:06:24.403186
BRK-B,Is Berkshire Hathaway Stock a Buy?,2024-07-06 04:45:00,neutral,2024-07-27 10:06:24.402259
BRK-B,Billionaire Warren Buffett Has 99% of His Money Invested in 1 Brilliant Stock,2024-07-07 07:04:00,neutral,2024-07-27 10:06:24.402255
URBN,"This Chic Lakeside Retreats Secret? It Looks Totally Custom, But Is Filled With Off-the-Rack Decor",2024-07-08 00:00:00,neutral,2024-07-27 10:06:24.403184
GDDY,"GoDaddy Inc. to Announce Second Quarter 2024 Financial Results on Thursday, August 1, 2024",2024-07-08 10:15:00,neutral,2024-07-27 10:06:24.402888
TGT,Should You Invest in Target (TGT) Based on Bullish Wall Street Views?,2024-07-08 16:45:00,neutral,2024-07-27 10:06:24.403080
BRK-B,Will Berkshire Hathaway Be a Trillion-Dollar Stock in 2030?,2024-07-09 13:44:00,neutral,2024-07-27 10:06:24.402253
TGT,Target to stop accepting personal checks,2024-07-09 17:45:00,neutral,2024-07-27 10:06:24.403072
TGT,3 Millionaire-Maker Growth Stocks to Buy Now: July Edition,2024-07-10 10:41:00,neutral,2024-07-27 10:06:24.403068
GDDY,Sharing Knowledge: Meet Shauna Fields,2024-07-10 14:30:00,neutral,2024-07-27 10:06:24.402887
GDDY,Jennifer Carson: A Sweet Journey of Resilience,2024-07-11 10:15:00,positive,2024-07-27 10:06:24.402886
URBN,Is Urban Outfitters (URBN) Stock Outpacing Its Retail-Wholesale Peers This Year?,2024-07-11 12:20:00,neutral,2024-07-27 10:06:24.403180
TGT,Target will stop accepting this old-school form of payment,2024-07-11 13:23:00,neutral,2024-07-27 10:06:24.403062
TGT,The 3 Most Undervalued Value Stocks to Buy in July 2024,2024-07-12 14:30:00,neutral,2024-07-27 10:06:24.403059
TGT,Crime-Plagued CA Targets Outrageous Public Nuisance Warning a Hoax?,2024-07-13 10:30:00,negative,2024-07-27 10:06:24.403056
BRK-B,How Much Berkshire Hathaway Stock Does the Gates Foundation Own?,2024-07-13 14:01:00,neutral,2024-07-27 10:06:24.402250
BRK-B,6 Artificial Intelligence (AI) Stocks Inside Warren Buffett's $410 Billion Portfolio,2024-07-14 04:55:00,neutral,2024-07-27 10:06:24.402249
BRK-B,Warren Buffett is turning 94 next month. Should Berkshire investors start to worry?,2024-07-15 05:55:00,neutral,2024-07-27 10:06:24.402247
URBN,Here's Why Urban Outfitters (URBN) is a Strong Value Stock,2024-07-15 09:40:00,positive,2024-07-27 10:06:24.403176
TGT,Amazon is worried about upstarts like Temu and Shein. Here's how it's confronting them.,2024-07-15 17:45:00,neutral,2024-07-27 10:06:24.403055
BRK-B,Where Will Berkshire Hathaway Stock Be in 3 Years?,2024-07-16 10:39:00,neutral,2024-07-27 10:06:24.402242
GDDY,Photographing Local Businesses: Meet Thomas Allison,2024-07-16 12:10:00,neutral,2024-07-27 10:06:24.402884
TGT,Amazon Prime Day: Consumers expected to spend nearly $14 billion during e-commerce holiday,2024-07-16 19:43:00,neutral,2024-07-27 10:06:24.403049
GDDY,From $100K to $1 Million: 3 Tech Stocks to Buy to Grow Your Wealth,2024-07-17 15:46:00,neutral,2024-07-27 10:06:24.402880
GDDY,Exploring Entrepreneurial Resilience and Community in the State of Ohio,2024-07-18 09:30:00,neutral,2024-07-27 10:06:24.402879
BRK-B,7 Fintech Stocks That Could Be Multibaggers in the Making: July Edition,2024-07-18 17:45:00,neutral,2024-07-27 10:06:24.402239
GDDY,Q1 Earnings Highlights: GoDaddy (NYSE:GDDY) Vs The Rest Of The E-commerce Software Stocks,2024-07-19 03:52:00,neutral,2024-07-27 10:06:24.402877
BRK-B,20 Strategies for Financial Freedom and Retire Early,2024-07-19 20:53:00,neutral,2024-07-27 10:06:24.402232
URBN,"Coinbase Flashes Buy Signal On Bitcoin Rally, Leads 5 Stocks To Watch",2024-07-20 08:00:00,neutral,2024-07-27 10:06:24.403174
TGT,Analyst Report: Target Corporation,2024-07-21 08:30:00,neutral,2024-07-27 10:06:24.403047
BRK-B,The Best Strategy for Financial Freedom and Retiring Early,2024-07-21 23:52:00,neutral,2024-07-27 10:06:24.402230
TGT,Why Trump and Biden should take a few minutes to read Big Food earnings call transcripts: Morning Brief,2024-07-22 09:55:00,neutral,2024-07-27 10:06:24.403046
GDDY,Leaning on Mentors: Meet Aisha Rashid,2024-07-22 10:15:00,neutral,2024-07-27 10:06:24.402876
BRK-B,Berkshire Hathaway Cuts Stake in Bank of America,2024-07-22 12:01:00,neutral,2024-07-27 10:06:24.402223
AMZN,"EV demand dips, TNT matches NBA bid: Market Domination Overtime",2024-07-22 21:41:00,negative,2024-07-27 10:06:24.402856
AMZN,Is Amazon.com Inc (NASDAQ:AMZN) the Best AI Stock to Buy Now?,2024-07-23 20:33:00,neutral,2024-07-27 10:06:24.402817
AAPL,Is NVIDIA Corp (NASDAQ:NVDA) the Best AI Stock to Buy Based on New AI ETF?,2024-07-23 22:24:00,neutral,2024-07-27 10:06:24.402509
TGT,Wall Street Analysts See Target (TGT) as a Buy: Should You Invest?,2024-07-24 09:30:00,neutral,2024-07-27 10:06:24.403042
URBN,Should Value Investors Buy Urban Outfitters (URBN) Stock?,2024-07-24 09:40:00,neutral,2024-07-27 10:06:24.403172
BRK-B,This Is The Ultimate Warren Buffett Stock: Is It A Buy As It Backs Off All-Time Highs?,2024-07-24 19:15:00,neutral,2024-07-27 10:06:24.402221
AMZN,"Warner Bros. loses 'critical' NBA rights as league secures $77 billion deal with Disney, Comcast, and Amazon",2024-07-24 20:14:00,neutral,2024-07-27 10:06:24.402791
AAPL,"About the Apple TV+ Rumors, What's Wrong With Apple TV+?, Apple's Goal for Apple TV+",2024-07-24 20:14:00,neutral,2024-07-27 10:06:24.402472
TSLA,Tesla stock tumbles after its profit plunged,2024-07-24 22:55:00,negative,2024-07-27 10:06:24.402696
URBN,Urban Outfitters (URBN) Gains 26% YTD: How to Play Ahead?,2024-07-25 08:55:00,positive,2024-07-27 10:06:24.403171
TGT,Target (TGT) Down 11% in 3 Months: Solid Bargain or Risky Bet?,2024-07-25 09:38:00,negative,2024-07-27 10:06:24.403041
GDDY,GoDaddy (GDDY) Earnings Expected to Grow: What to Know Ahead of Next Week's Release,2024-07-25 10:01:00,neutral,2024-07-27 10:06:24.402872
TSLA,Auto industry 'quite healthy' despite earnings slump: Expert,2024-07-25 19:37:00,neutral,2024-07-27 10:06:24.402586
AMZN,"Warner Bros. stock falls after losing 'key' NBA rights as league secures $77 billion deal with Disney, Comcast, and Amazon",2024-07-25 20:25:00,negative,2024-07-27 10:06:24.402763
AAPL,ChatGPT: Everything you need to know about the AI-powered chatbot,2024-07-25 23:40:00,neutral,2024-07-27 10:06:24.402453
TGT,3 Plant-Based Food Stocks That Could Be Multibaggers in the Making: July Edition,2024-07-26 17:20:00,neutral,2024-07-27 10:06:24.403037
AMZN,What You Need To Know Ahead of GE HealthCare's Earnings,2024-07-26 18:11:00,neutral,2024-07-27 10:06:24.402736
TSLA,1 Wall Street Analyst Thinks Tesla Stock Is Going to $258. Is It a Buy After a Post-Earnings Pullback?,2024-07-26 21:56:00,neutral,2024-07-27 10:06:24.402549
BRK-B,Chubb Limited (CB): The Best Health Insurance Stock According to Hedge Funds?,2024-07-26 22:05:00,neutral,2024-07-27 10:06:24.402209
AAPL,Apple Reaches Its First-Ever Retail Union Contract Deal in US,2024-07-26 22:40:00,neutral,2024-07-27 10:06:24.402396
BRK-B,Does Warren Buffett's age directly impact his stock?,,neutral,2024-07-27 10:06:24.402219
BRK-B,"Billionaire Warren Buffett Has Purchased $77 Billion of His Favorite Stock, Which Is More Than Double What He's Spent Buying Shares of Apple!",,neutral,2024-07-27 10:06:24.402225
BRK-B,Berkshire Hathaway Inc. (BRK-B): Hedge Funds Think That This Stock Will Skyrocket,,neutral,2024-07-27 10:06:24.402227
BRK-B,EQT Corporation (NYSE:EQT): Hedge Funds Are Bullish on This Stock Right Now,,neutral,2024-07-27 10:06:24.402229
BRK-B,Buffett's PacifiCorp suspected of collusion by wildfire victims' law firms,,negative,2024-07-27 10:06:24.402234
BRK-B,3 Fintech Stocks to Buy Now: Q3 Edition,,neutral,2024-07-27 10:06:24.402236
BRK-B,"T-Mobile US, Inc. (TMUS): Why Are Hedge Funds Bullish on This Communication and Media Stock Right Now?",,neutral,2024-07-27 10:06:24.402238
BRK-B,Warren Buffett Stocks: What's Inside Berkshire Hathaway's Portfolio?,,neutral,2024-07-27 10:06:24.402241
BRK-B,Is Berkshire Hathaway a Millionaire Maker?,,neutral,2024-07-27 10:06:24.402243
BRK-B,Is Berkshire Hathaway Stock a Buy?,,neutral,2024-07-27 10:06:24.402245
BRK-B,2 Magnificent Stocks Billionaire Warren Buffett Is Buying On an Almost Quarterly Basis,,neutral,2024-07-27 10:06:24.402252
BRK-B,45% of Warren Buffett's $398 Billion Portfolio Is Invested in 3 Artificial Intelligence (AI) Stocks,,neutral,2024-07-27 10:06:24.402254
BRK-B,"One of Warren Buffett's 8 ""Forever"" Holdings Just Became Wall Street's Newest Stock-Split Stock",,neutral,2024-07-27 10:06:24.402257
BRK-B,Warren Buffett Can't Stop Buying Shares of Occidental Petroleum -- and It's Probably Not for the Reason You Think,,neutral,2024-07-27 10:06:24.402269
BRK-B,Is It Too Late to Buy Berkshire Hathaway Stock?,,neutral,2024-07-27 10:06:24.402271
BRK-B,4 Reasons to Buy Berkshire Hathaway Stock Like There's No Tomorrow,,neutral,2024-07-27 10:06:24.402274
BRK-B,Warren Buffett Bought A $4 Billion Business Without Seeing It Because He Didn't Want To Travel Out Of The Country  'I Don't Even Go To Iowa',,neutral,2024-07-27 10:06:24.402279
BRK-B,The Oracle of Omaha Meets AI: Is Berkshire Hathaway Prepared for Technological Disruption?,,neutral,2024-07-27 10:06:24.402283
BRK-B,Elon Musk drama intensifies as Tesla shareholders vote on his $56B pay package: Here's what's at stake,,neutral,2024-07-27 10:06:24.402285
BRK-B,"Berkshire Hathaway Stock: Buy, Sell, or Hold?",,neutral,2024-07-27 10:06:24.402286
BRK-B,NJASAP OFFICER ELECTION CONCLUDES WITH MEMBERSHIP MANDATE,,neutral,2024-07-27 10:06:24.402289
BRK-B,Berkshire Hathaway Stock Is Great. Here's Why You Shouldn't Buy It.,,neutral,2024-07-27 10:06:24.402290
BRK-B,Berkshire Hathaway's $189 Billion Cash Stockpile Is Larger Than Ever. Should Investors Be Concerned?,,neutral,2024-07-27 10:06:24.402294
BRK-B,What Should Berkshire Hathaway Buy With Its $189 Billion in Cash?,,neutral,2024-07-27 10:06:24.402297
BRK-B,Buffett's NetJets sues pilots' union for defamation,,negative,2024-07-27 10:06:24.402303
BRK-B,Warren Buffett Gathers His Energy Gang To Extract Lithium,,neutral,2024-07-27 10:06:24.402304
BRK-B,Don't Believe Your Eyes -- Berkshire Hathaway Isn't a Worthless Stock,,neutral,2024-07-27 10:06:24.402309
BRK-B,2 Warren Buffett Stocks to Buy Hand Over Fist in June,,neutral,2024-07-27 10:06:24.402313
BRK-B,Warren Buffett's Berkshire Hathaway Has Spent $77.5 Billion Buying This Stock Since 2018,,neutral,2024-07-27 10:06:24.402314
BRK-B,Warren Buffett's son Howard Buffett on his life as the potential next chairman of Berkshire Hathaway,,neutral,2024-07-27 10:06:24.402316
BRK-B,"5 Magnificent Stocks Being Bought for Warren Buffett's $646 Million ""Secret"" Portfolio",,neutral,2024-07-27 10:06:24.402322
BRK-B,"Warren Buffett's Mystery Stock Is Revealed, but This Is the Far Bigger Surprise",,neutral,2024-07-27 10:06:24.402326
BRK-B,"Warren Buffett Has Spent More Buying This Stock Than He Did With Apple, Chevron, Coca-Cola, American Express, and Occidental Petroleum, Combined!",,neutral,2024-07-27 10:06:24.402329
BRK-B,Bill Gates Adjusts Holdings: A Closer Look at Berkshire Hathaway's Impact,,neutral,2024-07-27 10:06:24.402337
BRK-B,Car insurance costs are surging  but it's not because of price gouging,,negative,2024-07-27 10:06:24.402339
BRK-B,"Arnold Van Den Berg's Strategic Exits and Key Additions in Q1 2024, Highlighting Markel Group Inc",,neutral,2024-07-27 10:06:24.402340
BRK-B,"Warren Buffett Says Tesla Achieving Full Self-Driving Would Be ""Good For Society And Bad For Insurance Companies Volume""",,neutral,2024-07-27 10:06:24.402343
BRK-B,Will Berkshire Hathaway Class B Stock Ever Pay Dividends?,,neutral,2024-07-27 10:06:24.402344
BRK-B,Warren Buffett's Latest $2.6 Billion Buy Brings His Total Investment in This Stock to More Than $77 Billion in Under 6 Years,,neutral,2024-07-27 10:06:24.402349
BRK-B,Real estate brokerages seek final approval of landmark settlements with home buyers,,neutral,2024-07-27 10:06:24.402350
BRK-B,Why IBM's CEO disagrees with Warren Buffett's stance on AI,,neutral,2024-07-27 10:06:24.402358
BRK-B,What investors can learn from Warren Buffett's latest remarks,,neutral,2024-07-27 10:06:24.402383
BRK-B,What Warren Buffett's market insights could mean for investors,,neutral,2024-07-27 10:06:24.402384
BRK-B,PRESS DIGEST-Canada - May 6,,neutral,2024-07-27 10:06:24.402387
BRK-B,Warren Buffett's successor Greg Abel seen preserving Berkshire's culture,,neutral,2024-07-27 10:06:24.402388
BRK-B,Who Owns the Most Berkshire Hathaway Stock Besides Warren Buffett?,,neutral,2024-07-27 10:06:24.402390
BRK-B,Berkshire Hathaway event gives good view of Warren Buffett's successor but also raises new questions,,neutral,2024-07-27 10:06:24.402391
AAPL,2 AI Stocks That Could Dominate the Rest of 2024,,neutral,2024-07-27 10:06:24.402395
AAPL,The Most Respected Country in Asia in 2024,,neutral,2024-07-27 10:06:24.402398
AAPL,15 Most Respected Countries in Asia in 2024,,neutral,2024-07-27 10:06:24.402399
AAPL,"Big Tech earnings, jobs report, Fed decision: What to Watch",,neutral,2024-07-27 10:06:24.402401
AAPL,Warren Buffett Is Loaded Up On These Three Stocks. Should You Be?,,neutral,2024-07-27 10:06:24.402402
AAPL,"Apple, Microsoft, Meta Set to Report During Busy Week for Earnings",,neutral,2024-07-27 10:06:24.402404
AAPL,"Magnificent Seven Stocks: Nvidia Stock Reverses Lower, Google Extends Losses",,neutral,2024-07-27 10:06:24.402405
AAPL,What You Need To Know Ahead of Apple's Earnings Report,,neutral,2024-07-27 10:06:24.402407
AAPL,Apple signs the White House's commitment to AI safety,,neutral,2024-07-27 10:06:24.402419
AAPL,"OpenAI's Apple deal could be a bigger threat to Google than SearchGPT, analysts say",,positive,2024-07-27 10:06:24.402420
AAPL,Apples AI iPhone Could Take the Stock This High,,neutral,2024-07-27 10:06:24.402422
AAPL,"Apple signs on to voluntary US scheme to manage AI risks, White House says",,positive,2024-07-27 10:06:24.402424
AAPL,Apple falls off list of China's top 5 smartphone shippers: IDC,,negative,2024-07-27 10:06:24.402425
AAPL,Alphabet 2Q24 Earnings,,neutral,2024-07-27 10:06:24.402427
AAPL,"June PCE, Trump at crypto conference, Apple: 3 Things",,neutral,2024-07-27 10:06:24.402428
AAPL,"Apple's Fortunes in China Worsen, Research Firms Say",,neutral,2024-07-27 10:06:24.402429
AAPL,Apple Is Stable AI Play for Volatile Times.  The Stock Could Reach This High.,,neutral,2024-07-27 10:06:24.402431
AAPL,5 Things to Know Before the Stock Market Opens,,neutral,2024-07-27 10:06:24.402432
AAPL,Apples iPhone Falls Out of Chinas Top 5. The Stock Shrugs Amid the Tech Rebound.,,neutral,2024-07-27 10:06:24.402433
AAPL,Where Will Apple Stock Be in 1 Year?,,neutral,2024-07-27 10:06:24.402435
AAPL,"Can This Unstoppable AI Stock Join Nvidia, Apple, and Microsoft in the $3 Trillion Club?",,neutral,2024-07-27 10:06:24.402436
AAPL,Apple falls: iPhone maker out of China's top 5 as Huawei ascends,,neutral,2024-07-27 10:06:24.402437
AAPL,Apples iPhone Lost More Ground in China in Second Quarter,,negative,2024-07-27 10:06:24.402438
AAPL,"Apple slips from the top 5 in China, as domestic brands take all the top slots for the first quarter in history",,negative,2024-07-27 10:06:24.402439
AAPL,"Why Google Parent Alphabet Is the Best Artificial Intelligence (AI) Stock in the ""Magnificent Seven""",,neutral,2024-07-27 10:06:24.402441
AAPL,Apples iPhone Drops From China Top Five as Local Foes Rise,,neutral,2024-07-27 10:06:24.402442
AAPL,Warren Buffett Is Raking in $5.26 Billion in Annual Dividend Income From These 7 Stocks,,neutral,2024-07-27 10:06:24.402443
AAPL,"1 Phenomenal Stock That Could Join Microsoft, Apple, Nvidia, Alphabet, Amazon, and Meta in the $1 Trillion Club",,neutral,2024-07-27 10:06:24.402445
AAPL,Wall Street Loves Apples New AI iPhone. Buyers May Not Be That Impressed.,,neutral,2024-07-27 10:06:24.402447
AAPL,"PCE release, Apple's Chinese sales, European earnings - what's moving markets",,neutral,2024-07-27 10:06:24.402448
AAPL,Apples iPhone elbowed out of top 5 in China by domestic smartphone rivals,,neutral,2024-07-27 10:06:24.402449
AAPL,"Universal Music Group stock plunges 20% after streaming, subscription revenue disappoints",,negative,2024-07-27 10:06:24.402451
AAPL,Low Smartphone Upgrades At AT&T Signal Headwind For Apple,,positive,2024-07-27 10:06:24.402452
AAPL,"Earnings Calendar Spotlight: All Eyes On Apple, Meta, Amazon, Microsoft",,neutral,2024-07-27 10:06:24.402455
AAPL,Apple's iPhone discounts in China aren't helping,,negative,2024-07-27 10:06:24.402456
AAPL,Does Apple Pay Stand In The Way Of A PayPal Turnaround?,,neutral,2024-07-27 10:06:24.402457
AAPL,Apple (AAPL) Earnings Expected to Grow: Should You Buy?,,neutral,2024-07-27 10:06:24.402458
AAPL,Apple's Taiwanese Chip Supplier ASE Tech Clocks Modest Q2 Growth In Revenues,,positive,2024-07-27 10:06:24.402459
AAPL,25 Best Artificial Intelligence Stocks to Buy Right Now,,neutral,2024-07-27 10:06:24.402461
AAPL,Will CrowdStrike's Monumental Misstep Hurt Microsoft Stock?,,neutral,2024-07-27 10:06:24.402462
AAPL,"Apple's China smartphone shipments drop 6.7% as Huawei surges, data shows",,negative,2024-07-27 10:06:24.402464
AAPL,"Apple's China market share shrinks as Huawei surges, data shows",,negative,2024-07-27 10:06:24.402465
AAPL,2 Unstoppable Vanguard ETFs to Buy With $950 During the S&P 500 Bull Market,,neutral,2024-07-27 10:06:24.402466
AAPL,Alphabets earnings set the stage for techs AI question,,positive,2024-07-27 10:06:24.402468
AAPL,Apple Maps launches on the web to challenge Google Maps,,neutral,2024-07-27 10:06:24.402469
AAPL,Analysts adjust Apple stock price target ahead of earnings,,positive,2024-07-27 10:06:24.402470
AAPL,Apple's App Store hit with antitrust probe in Spain,,negative,2024-07-27 10:06:24.402474
AAPL,Apple Stock Seen Rising On AI Replacement Cycle,,neutral,2024-07-27 10:06:24.402475
AAPL,$1 Trillion Rout Hits Nasdaq 100 Over AI Jitters in Worst Day Since 2022,,negative,2024-07-27 10:06:24.402476
AAPL,Why Magnificent Seven Stocks are Having Their Worst Day on Record,,neutral,2024-07-27 10:06:24.402477
AAPL,"Rep. Michael McCaul Rides the AI Boom with AMD, AAPL, META Buys",,neutral,2024-07-27 10:06:24.402479
AAPL,10 Best High Growth Stocks To Buy,,neutral,2024-07-27 10:06:24.402480
AAPL,"Apples AI iPhone Could Boost Sales, but One Bear Isnt Swayed",,positive,2024-07-27 10:06:24.402481
AAPL,"UBS: ""Foldable iPhones"" not likely to drive iPhone demand",,negative,2024-07-27 10:06:24.402483
AAPL,The hot AI trade is entering a danger zone: Morgan Stanley chief investment officer,,positive,2024-07-27 10:06:24.402484
AAPL,Apple App Store Practices Under Scrutiny In Spain For Anti-Competitive Behavior,,neutral,2024-07-27 10:06:24.402485
AAPL,Mag 7 must perform 'incredibly well' to justify valuations,,positive,2024-07-27 10:06:24.402487
AAPL,Apples folding iPhone plans are getting serious,,neutral,2024-07-27 10:06:24.402488
AAPL,Apple's iPhone of the future is a flip phone,,neutral,2024-07-27 10:06:24.402490
AAPL,Spain Probes Apple for 'Imposing Unfair Trading Conditions' on Developers,,neutral,2024-07-27 10:06:24.402491
AAPL,Why betting on the Trump trade is a real mistake,,neutral,2024-07-27 10:06:24.402492
AAPL,Apple (AAPL) Recently Broke Out Above the 20-Day Moving Average,,positive,2024-07-27 10:06:24.402493
AAPL,Is Apple Inc (NASDAQ:AAPL) the Best AI Stock for the Long Term?,,neutral,2024-07-27 10:06:24.402495
AAPL,2 Top Tech Stocks That Could Make You a Millionaire,,neutral,2024-07-27 10:06:24.402497
AAPL,Big Tech earnings won't be make or break for the stock market: Morning Brief,,neutral,2024-07-27 10:06:24.402498
AAPL,Apple Under Investigation in Spain Over Treatment of App Store Developers,,neutral,2024-07-27 10:06:24.402499
AAPL,Apple supplier Foxconn breaks ground on electric vehicle plant in China's Zhengzhou city,,neutral,2024-07-27 10:06:24.402500
AAPL,Warren Buffett Just Sold $1.5 Billion of Berkshire Hathaway's Second-Largest Holding. Here's Why.,,neutral,2024-07-27 10:06:24.402502
AAPL,"JPMorgan sees near 20% upside left in Apple stock, adds it to focus list",,neutral,2024-07-27 10:06:24.402503
AAPL,"Netflix 2Q24 Earnings, Netflix Growth, Wall Street Giving Netflix Green Light to Spend",,neutral,2024-07-27 10:06:24.402504
AAPL,"India reduces import taxes for smartphones, benefiting Apple",,neutral,2024-07-27 10:06:24.402507
AAPL,Apple Stock Analysis: Are AI Advancements the Next AAPL Catalyst?,,neutral,2024-07-27 10:06:24.402508
AAPL,What Verizon's Low Smartphone Upgrades Mean For Apple,,positive,2024-07-27 10:06:24.402511
AAPL,Why It's Time to Buy the Dip in Tech Stocks,,neutral,2024-07-27 10:06:24.402513
AAPL,"Apple likely to release foldable iPhone as early as 2026, the Information reports",,neutral,2024-07-27 10:06:24.402514
AAPL,Spotify Keeps the Profit Tune Humming,,neutral,2024-07-27 10:06:24.402516
AAPL,"Meta CEO Zuckerberg calls on industry to adopt open-source AI, debuts high-powered Llama AI model",,positive,2024-07-27 10:06:24.402518
AAPL,Apple wants to stop spending so much money making TV shows,,neutral,2024-07-27 10:06:24.402519
AAPL,"Behind the Historic Small Cap Breakout, and Investing Lessons for Millennials",,neutral,2024-07-27 10:06:24.402520
AAPL,Meta's reality check: Inside the $45 billion cash burn at Reality Labs,,neutral,2024-07-27 10:06:24.402522
AAPL,Is Apple Inc (NASDAQ:AAPL) the Best Trump Trade According to Jim Cramer?,,neutral,2024-07-27 10:06:24.402523
AAPL,Could Earnings Stop the Small-Cap Stocks Rotation in Its Tracks?,,neutral,2024-07-27 10:06:24.402524
AAPL,Marjorie Taylor Greene Loves AI Stocks. Here Are 5 She Bought in the First Half of 2024.,,neutral,2024-07-27 10:06:24.402525
AAPL,3 Warren Buffett Stocks to Buy Hand Over Fist,,neutral,2024-07-27 10:06:24.402526
AAPL,5 Subtle Reasons Warren Buffett Just Sold $1.48 Billion Worth of Bank of America Stock,,neutral,2024-07-27 10:06:24.402528
AAPL,Sleep: The dreamiest new industry,,neutral,2024-07-27 10:06:24.402529
AAPL,Apple stock is up 30% since Q2. Now what?,,negative,2024-07-27 10:06:24.402530
AAPL,India cuts import tax on smartphones in boost for Apple,,positive,2024-07-27 10:06:24.402531
AAPL,Apple and Micron Leaders Visit China as US Ramps Up Chip Curbs,,neutral,2024-07-27 10:06:24.402533
AAPL,2 Stocks That Can Help You to Get Richer in 2024,,neutral,2024-07-27 10:06:24.402534
AAPL,Billionaire Warren Buffett Sells Bank of America: 3 Possible Reasons Why,,neutral,2024-07-27 10:06:24.402535
AAPL,NAND memory bit shipment growth in 2H24 to be boosted by iPhone 16 demand,,positive,2024-07-27 10:06:24.402537
AAPL,Google is reportedly set to retire their Chromecast TV device for a new set top box-styled unit that's more like Apple TV 4K,,neutral,2024-07-27 10:06:24.402538
AAPL,The CrowdStrike / Microsoft Outage Will Benefit Apple,,neutral,2024-07-27 10:06:24.402539
AAPL,"iPhone production surge signals growing role in global supply chain, citing India 2024 economic survey",,positive,2024-07-27 10:06:24.402541
AAPL,Apple (AAPL) Stock Drops Despite Market Gains: Important Facts to Note,,neutral,2024-07-27 10:06:24.402542
TSLA,Will Rivian Become the Next Tesla?,,neutral,2024-07-27 10:06:24.402546
TSLA,Automakers are experiencing a pivot: Analyst,,neutral,2024-07-27 10:06:24.402550
TSLA,Short Seller Andrew Left Is on the Hook for Securities Fraud,,neutral,2024-07-27 10:06:24.402552
TSLA,Tesla Stock Brushes Off Another Analyst Downgrade. Heres Why.,,neutral,2024-07-27 10:06:24.402553
TSLA,Tesla Stock Gets Fourth Downgrade After Lackluster Earnings Marked By EV Credit Dependence,,negative,2024-07-27 10:06:24.402554
TSLA,Stock Market Earnings Blowups.  A Users Guide.,,neutral,2024-07-27 10:06:24.402556
TSLA,Elon Musk's daughter speaks out against the controversial Tesla CEO,,neutral,2024-07-27 10:06:24.402557
TSLA,"Magnificent Seven Stocks: Nvidia Stock Reverses Lower, Google Extends Losses",,neutral,2024-07-27 10:06:24.402559
TSLA,"June PCE and Fed rates, crypto, Social Security: Wealth!",,neutral,2024-07-27 10:06:24.402560
TSLA,"June PCE inflation print, auto earnings: Morning Brief",,neutral,2024-07-27 10:06:24.402561
TSLA,"Stocks on the move: Bristol Myers, Abbive, and Tesla",,neutral,2024-07-27 10:06:24.402562
TSLA,NIO Stock: Nio Gears Up to Launch the Onvo L60 in September 2024,,neutral,2024-07-27 10:06:24.402564
TSLA,Musk is always in the news. What it signals for his companies,,neutral,2024-07-27 10:06:24.402565
TSLA,"Mexico Peso Gets Battered From All Sides, Leads Currency Losses",,neutral,2024-07-27 10:06:24.402566
TSLA,"Tech isn't in for a rout, but it's a mixed bag: Strategist",,neutral,2024-07-27 10:06:24.402567
TSLA,"Investors are fleeing Big Tech for value stockssector must blow out earnings to stop that, says analyst",,positive,2024-07-27 10:06:24.402569
TSLA,"Stock Market Diverges, With Tesla, Google, ServiceNow, GE In Focus: Weekly Review",,neutral,2024-07-27 10:06:24.402570
TSLA,Why stocks could be nearing a 10% correction,,neutral,2024-07-27 10:06:24.402572
TSLA,Tesla Stock Is Up After Another Analyst Downgrades Shares. Heres Why.,,neutral,2024-07-27 10:06:24.402573
TSLA,Top analyst defends Tesla stock price target despite earnings slump,,negative,2024-07-27 10:06:24.402575
TSLA,Why Super Micro Computer Stock Is Plummeting This Week,,neutral,2024-07-27 10:06:24.402576
TSLA,Why it's all Elon all the time: Morning Brief,,neutral,2024-07-27 10:06:24.402578
TSLA,The Junk in Your Index Fund Is Costing You Big-Time,,neutral,2024-07-27 10:06:24.402579
TSLA,"1 Artificial Intelligence (AI) Stock to Buy Before It Soars 335% to $3 Trillion, According to a Wall Street Analyst",,neutral,2024-07-27 10:06:24.402580
TSLA,Why Stocks Fall After Earnings. A Users Guide.,,neutral,2024-07-27 10:06:24.402582
TSLA,Cathie Wood flip-flops on rollercoaster Tesla stock,,neutral,2024-07-27 10:06:24.402583
TSLA,"Market rotation, auto industry rebalancing: Asking for a Trend",,neutral,2024-07-27 10:06:24.402584
TSLA,Auto Stocks Were Crushed. Everything Is Fine. Really.,,neutral,2024-07-27 10:06:24.402630
TSLA,"These Stocks Moved the Most Today: Ford, Tesla, IBM, ServiceNow, Viking Therapeutics, Edwards Lifesciences, RTX, and More",,neutral,2024-07-27 10:06:24.402631
TSLA,Ford Stock Had Its Worst Day Since 2008. What Everyone Got So Wrong About Earnings.,,neutral,2024-07-27 10:06:24.402633
TSLA,Ford Earnings In Q2 Fall 35% As Auto Giant Continues To Expect Billions Of Dollars In Losses From EVs,,negative,2024-07-27 10:06:24.402634
TSLA,"'I'd Prefer To Be Dead'  Elon Musk Isn't Interested In Living Forever: 'Most of the Time People Don't Change Their Mind, They Just Die'",,neutral,2024-07-27 10:06:24.402637
TSLA,"These Stocks Are Moving the Most Today: Ford, Tesla, IBM, ServiceNow, Viking Therapeutics, Edwards Lifesciences, RTX, and More",,neutral,2024-07-27 10:06:24.402638
TSLA,3 Top-Performing Stocks Beating the Big Names in 2024,,positive,2024-07-27 10:06:24.402639
TSLA,Chart of the Day: Ford and Tesla,,neutral,2024-07-27 10:06:24.402641
TSLA,"Midday stock movers: Ford slumps, Tesla, Lucid, and American Airlines up today",,negative,2024-07-27 10:06:24.402642
TSLA,Marc Andreessen and Ben Horowitz say crypto's an 'emotional' issue   and a reason they're backing Trump,,neutral,2024-07-27 10:06:24.402644
TSLA,Investors Rescue Nvidia Stock From Another Rout,,neutral,2024-07-27 10:06:24.402645
TSLA,3 Stocks to Sell After Disastrous Q2 Earnings,,negative,2024-07-27 10:06:24.402646
TSLA,Why now is a good time to buy an EV: Auto expert explains,,positive,2024-07-27 10:06:24.402648
TSLA,Summer interest rate cut on a knife edge as traders ramp up bets,,negative,2024-07-27 10:06:24.402649
TSLA,Stock Market Today: S&P 500 closes lower as tech rebound runs out of steam,,negative,2024-07-27 10:06:24.402651
TSLA,These Stocks Are Moving the Most Today,,neutral,2024-07-27 10:06:24.402652
TSLA,"Musk, Arnault Just Lost Lots of Money. Where They Stand on the Rich List.",,neutral,2024-07-27 10:06:24.402654
TSLA,Tesla Quietly Pushes Back Humanoid Robot Timeline,,neutral,2024-07-27 10:06:24.402655
TSLA,Musk to discuss $5 billion xAI investment with Tesla board,,neutral,2024-07-27 10:06:24.402656
TSLA,"Tesla Stock Rises After Worst Day Since 2000, Brushes Off Downgrade.",,neutral,2024-07-27 10:06:24.402658
TSLA,Tesla and Alphabet Dragged the Mag 7 to Its Worst Day Since the 2022 Bear Market. How Theyre Trading Now.,,neutral,2024-07-27 10:06:24.402660
TSLA,The massive tech stock selloff triggered by Google and Tesla 'will be short-lived',,negative,2024-07-27 10:06:24.402661
TSLA,Ford Stock Heads for Worst Day Since 2009. What Everyone Got So Wrong About Earnings.,,neutral,2024-07-27 10:06:24.402663
TSLA,Stellantis Stock Sinks as Profit Plunges,,neutral,2024-07-27 10:06:24.402665
TSLA,Big Techs $1 trillion sell-off triggers worst day for stock markets since 2022,,negative,2024-07-27 10:06:24.402666
TSLA,"Tesla, Ford, and Stellantis stocks are all sinking thanks to weak profits",,negative,2024-07-27 10:06:24.402667
TSLA,"Tesla, Apple Chip Supplier STMicroelectronics Q2 Earnings Hit by Weakness in Industrial and Automotive Sectors, Stock Plunges",,neutral,2024-07-27 10:06:24.402668
TSLA,Teslas latest earnings expose chronically weak profitability and an inflated share price,,negative,2024-07-27 10:06:24.402670
TSLA,Tesla Stock Drops. Why It Got Downgraded After Its Worst Day Since 2020.,,neutral,2024-07-27 10:06:24.402671
TSLA,"Tesla, Alphabet Dragged the Mag 7 to Its Worst Day Since the 2022 Bear Market. How Theyre Trading Now.",,neutral,2024-07-27 10:06:24.402673
TSLA,Ford Stock on Pace for Worst Day Since 2011. Earnings Missed Wall Street Estimates.,,negative,2024-07-27 10:06:24.402674
TSLA,Tesla Stock Falls. It Catches Another Downgrade.,,neutral,2024-07-27 10:06:24.402675
TSLA,Elon Musk thinks there's one real reason to own Tesla stock: Morning Brief,,neutral,2024-07-27 10:06:24.402676
TSLA,How Government Programs Help Fuel Tesla Profit,,neutral,2024-07-27 10:06:24.402678
TSLA,"Nvidia, Ford, Chipotle, Viking Therapeutics, Tesla: Why These 5 Stocks Are On Investors' Radars Today",,neutral,2024-07-27 10:06:24.402679
TSLA,Stock market today: Global shares tumble after a wipeout on Wall Street as Big Tech retreats,,negative,2024-07-27 10:06:24.402681
TSLA,"Tesla, Inc. (TSLA): Why Is It One of the Best High Growth Stocks Now?",,neutral,2024-07-27 10:06:24.402682
TSLA,"Bitcoin Holds Up, Ethereum, Dogecoin Fall Amid Stock Market Crash: Analyst Predicts $4K For ETH Over Next Two Weeks",,neutral,2024-07-27 10:06:24.402684
TSLA,Heard on the Street Thursday Recap: Tesla's Reality Bites,,neutral,2024-07-27 10:06:24.402685
TSLA,"Rich People Are Like the Rest of Us. When Their Stocks Fall, They Lose Money.",,neutral,2024-07-27 10:06:24.402686
TSLA,Analysis-Megacap stock selloff shows investor concerns about too much tech,,positive,2024-07-27 10:06:24.402689
TSLA,Decoding Tesla Inc (TSLA): A Strategic SWOT Insight,,neutral,2024-07-27 10:06:24.402691
TSLA,Teslas Auto Woes Crash Elon Musks AI Dreams,,neutral,2024-07-27 10:06:24.402692
TSLA,Musks Poll Shows Most Want Tesla to Invest $5 Billion in xAI,,neutral,2024-07-27 10:06:24.402694
TSLA,"If not for the rotation out of Big Tech, Tesla and Google would be up right now, says Jim Cramer",,neutral,2024-07-27 10:06:24.402695
TSLA,Elon Musk is going all-in on Donald Trump,,neutral,2024-07-27 10:06:24.402698
TSLA,Nasdaq and S&P 500 log worst day since 2022 after Alphabet and Tesla fail to impress Wall Street,,neutral,2024-07-27 10:06:24.402699
TSLA,Is Tesla Stock Going to $300? 1 Wall Street Analyst Thinks So.,,neutral,2024-07-27 10:06:24.402700
TSLA,Elon Musk Agrees with DogeDesigner: Funding For Trump-Supporting Super PAC Is 'Far Below' $45M A Month So Far,,neutral,2024-07-27 10:06:24.402701
TSLA,"Big Tech forecasts, China's luxury consumers: Market Domination",,neutral,2024-07-27 10:06:24.402703
TSLA,"Tesla investing in xAI 'makes sense,' analyst outlines",,neutral,2024-07-27 10:06:24.402704
TSLA,Tech Rout Erases Almost $1 Trillion From Nasdaq Composite,,neutral,2024-07-27 10:06:24.402705
TSLA,Heard on the Street Recap: Tesla's Reality Bites,,neutral,2024-07-27 10:06:24.402706
TSLA,US stock market tumble as Tesla and Google results spark sell-off,,negative,2024-07-27 10:06:24.402708
TSLA,The Mag 7 Led the Stock Market Higher. Why July Has Been So Painful.,,neutral,2024-07-27 10:06:24.402709
TSLA,Tesla Looks To Robotaxis To Keep Its Growth Story Alive. Can Elon Musk Deliver?,,neutral,2024-07-27 10:06:24.402710
TSLA,"These Stocks Moved the Most Today: Tesla, Alphabet, Nvidia, AT&T, Visa, Enphase, Lamb Weston, AMC, and More",,neutral,2024-07-27 10:06:24.402712
TSLA,"S&P 500 Gains and Losses Today: Index Skids as Tesla, Alphabet Results Underwhelm",,neutral,2024-07-27 10:06:24.402713
TSLA,Tesla Rally Gives Way to Rout as Analysts Sour on the Stock,,neutral,2024-07-27 10:06:24.402715
TSLA,Tesla Slumps as Musk Tethers Its Future to Delayed Robotaxis,,neutral,2024-07-27 10:06:24.402716
TSLA,"Why Artificial Intelligence (AI) Chip Stocks Broadcom, Taiwan Semiconductor Manufacturing, and Arm Holdings Plunged Today",,neutral,2024-07-27 10:06:24.402717
TSLA,Tesla Stock Dives As Analysts Weigh In After Earnings Miss. EV Giant Not A 'Trump Trade.',,neutral,2024-07-27 10:06:24.402719
TSLA,"A wipeout on Wall Street sends stocks to worst day since 2022, led by drops for tech giants including Tesla, Alphabet",,negative,2024-07-27 10:06:24.402721
TSLA,Elon Musk loses $16 billion in a day as Telsa stock sinks,,neutral,2024-07-27 10:06:24.402722
TSLA,Why Nvidia Stock Is Sinking Again Today,,neutral,2024-07-27 10:06:24.402723
TSLA,Why Magnificent Seven Stocks are Having Their Worst Day on Record,,neutral,2024-07-27 10:06:24.402725
TSLA,Tesla's robotaxi may not be enough to save it: Analyst,,neutral,2024-07-27 10:06:24.402726
TSLA,Elon Musk is moving SpaceX to Texas   so a French rival is trying to poach its people,,neutral,2024-07-27 10:06:24.402727
TSLA,Why Intel Stock Is Falling Today,,neutral,2024-07-27 10:06:24.402729
TSLA,Why Tesla's stock is plunging,,neutral,2024-07-27 10:06:24.402730
AMZN,"Nvidia's Data Center ""Real Estate"" Is Under Pressure, and It's Only a Matter of Time Before Its Share Price Reflects It",,neutral,2024-07-27 10:06:24.402733
AMZN,1 Growth Stock Down 59% to Buy Right Now,,neutral,2024-07-27 10:06:24.402735
AMZN,Warner Bros. Discovery sues NBA over game rights,,neutral,2024-07-27 10:06:24.402737
AMZN,What You Need to Know Ahead of Amazon Earnings Thursday,,neutral,2024-07-27 10:06:24.402739
AMZN,"Big Tech earnings, jobs report, Fed decision: What to Watch",,neutral,2024-07-27 10:06:24.402740
AMZN,Warner Bros. Discovery sues NBA over 'unjustified rejection' of matching media rights bid,,neutral,2024-07-27 10:06:24.402741
AMZN,"Apple, Microsoft, Meta Set to Report During Busy Week for Earnings",,neutral,2024-07-27 10:06:24.402743
AMZN,Prime Day Could Be Big News For These Stocks,,neutral,2024-07-27 10:06:24.402744
AMZN,"Amazon Tests AI Chips in Texas Lab, Aims to Cut Nvidia Costs",,neutral,2024-07-27 10:06:24.402746
AMZN,Netflix's ex-film head Stuber ties with Amazon MGM to revive United Artists,,neutral,2024-07-27 10:06:24.402748
AMZN,"Hey Alexa, Why Are You Costing Amazon Billions?",,neutral,2024-07-27 10:06:24.402749
AMZN,"Why Is Amazon.com, Inc. (AMZN) the Best Information Technology Services Stock to Buy Now?",,neutral,2024-07-27 10:06:24.402751
AMZN,Amazon Stock Has Entered Correction Territory. What Could Send Shares Higher.,,neutral,2024-07-27 10:06:24.402752
AMZN,Is JD.com Stock a Buy Now?,,neutral,2024-07-27 10:06:24.402753
AMZN,GE Healthcare teams up with Amazon to build generative AI models,,neutral,2024-07-27 10:06:24.402754
AMZN,"Can This Unstoppable AI Stock Join Nvidia, Apple, and Microsoft in the $3 Trillion Club?",,neutral,2024-07-27 10:06:24.402756
AMZN,"Why Google Parent Alphabet Is the Best Artificial Intelligence (AI) Stock in the ""Magnificent Seven""",,neutral,2024-07-27 10:06:24.402758
AMZN,"1 Phenomenal Stock That Could Join Microsoft, Apple, Nvidia, Alphabet, Amazon, and Meta in the $1 Trillion Club",,neutral,2024-07-27 10:06:24.402759
AMZN,Amazon Says Washington State Injury Case Has Been Dismissed,,neutral,2024-07-27 10:06:24.402760
AMZN,"Ulta faces challenges from Amazon, consumer loyalty",,neutral,2024-07-27 10:06:24.402762
AMZN,"Universal Music Group stock plunges 20% after streaming, subscription revenue disappoints",,negative,2024-07-27 10:06:24.402764
AMZN,E.l.f. Beauty 'captures' consumers in ways rivals haven't,,neutral,2024-07-27 10:06:24.402766
AMZN,"Amazon.com, Inc. (AMZN): Eminence Capitals Ricky Sandler is Bullish on This Stock Right Now",,neutral,2024-07-27 10:06:24.402767
AMZN,"Earnings Calendar Spotlight: All Eyes On Apple, Meta, Amazon, Microsoft",,neutral,2024-07-27 10:06:24.402768
AMZN,Warner Bros. Stock Gets Benched After NBA Loss. It Could be a Slam Dunk for Amazon.,,neutral,2024-07-27 10:06:24.402769
AMZN,BofA analyzes Amazon's 11-year deal to stream NBA games on Prime Video,,neutral,2024-07-27 10:06:24.402771
AMZN,"Amazon racing to develop AI chips cheaper, faster than Nvidia's, executives say",,positive,2024-07-27 10:06:24.402772
AMZN,NBA rejects Warner Bros. Discovery offer for game rights,,neutral,2024-07-27 10:06:24.402773
AMZN,What's Next for the Winners and Big Loser of the New NBA Media Rights,,neutral,2024-07-27 10:06:24.402774
AMZN,"With The Magnificent Seven Slumping, Is Amazon Stock A Buy?",,neutral,2024-07-27 10:06:24.402776
AMZN,Amazon (AMZN) Earnings Expected to Grow: What to Know Ahead of Next Week's Release,,neutral,2024-07-27 10:06:24.402777
AMZN,Amazons Swelling Cash Pile Makes Conditions Ripe for Dividend,,neutral,2024-07-27 10:06:24.402778
AMZN,Why Amazon (AMZN) is a Top Value Stock for the Long-Term,,neutral,2024-07-27 10:06:24.402779
AMZN,"Warner Bros. stock drops 5% after losing 'key' NBA rights as league secures $77 billion deal with Disney, Comcast, and Amazon",,negative,2024-07-27 10:06:24.402781
AMZN,GE HealthCare and AWS Announce Strategic Collaboration to Accelerate Healthcare Transformation With Generative AI,,neutral,2024-07-27 10:06:24.402782
AMZN,25 Best Artificial Intelligence Stocks to Buy Right Now,,neutral,2024-07-27 10:06:24.402783
AMZN,Is Nvidia Going to Lose $1.2 Trillion in Market Value? One Wall Street Analyst Believes So -- and This Might Be a Conservative Estimate,,neutral,2024-07-27 10:06:24.402784
AMZN,Amazon Stock Jumps As NBA Signs Prime Video Broadcasting Deal,,neutral,2024-07-27 10:06:24.402786
AMZN,Alphabets earnings set the stage for techs AI question,,positive,2024-07-27 10:06:24.402787
AMZN,"NBA Unveils $77 Billion TV and Streaming Deals With NBC, ESPN and Amazon",,neutral,2024-07-27 10:06:24.402788
AMZN,"NBA signs new 11-year media agreements with Disney, NBC, and Amazon",,positive,2024-07-27 10:06:24.402789
AMZN,"If You Invested $1000 In Amazon Stock 20 Years Ago, How Much Would You Have Now?",,neutral,2024-07-27 10:06:24.402792
AMZN,Why Magnificent Seven Stocks are Having Their Worst Day on Record,,neutral,2024-07-27 10:06:24.402793
AMZN,Amazon (AMZN) is an Incredible Growth Stock: 3 Reasons Why,,neutral,2024-07-27 10:06:24.402795
AMZN,Will Amazon (AMZN) Beat Estimates Again in Its Next Earnings Report?,,neutral,2024-07-27 10:06:24.402796
AMZN,Mag 7 must perform 'incredibly well' to justify valuations,,positive,2024-07-27 10:06:24.402797
AMZN,Amazon Prime Video is getting a new look -- and it's designed for indecisive users,,neutral,2024-07-27 10:06:24.402799
AMZN,Amazon (AMZN) Is Considered a Good Investment by Brokers: Is That True?,,neutral,2024-07-27 10:06:24.402800
AMZN,Amazon.com (AMZN) Soared on Growth in AWS Business,,positive,2024-07-27 10:06:24.402802
AMZN,Big Tech earnings won't be make or break for the stock market: Morning Brief,,neutral,2024-07-27 10:06:24.402803
AMZN,This High-Yielding Dividend Stock Sees AI Supercharging Its Growth Prospects,,positive,2024-07-27 10:06:24.402807
AMZN,The Stock Market Crashed After the Dot-Com Bubble. Will Artificial Intelligence (AI) Stocks Cause a Similar Market Crash?,,neutral,2024-07-27 10:06:24.402808
AMZN,"If I Could Only Buy 3 Stocks in the Last Half of 2024, I'd Pick These",,neutral,2024-07-27 10:06:24.402809
AMZN,Amazon faces $131m tax seizure over compliance issues in Italy,,negative,2024-07-27 10:06:24.402810
AMZN,Vertical integration by delivery apps is a risk for grocery retailers,,neutral,2024-07-27 10:06:24.402812
AMZN,Analyst reboots Amazon price target ahead of earnings,,neutral,2024-07-27 10:06:24.402813
AMZN,Battle over NBA rights brewing as Warner Bros. Discovery matches Amazon's bid,,neutral,2024-07-27 10:06:24.402814
AMZN,"Ford or Tesla, consumer staples opportunities: Market Domination",,neutral,2024-07-27 10:06:24.402816
AMZN,3 Drone Delivery Stocks Ready for Takeoff,,neutral,2024-07-27 10:06:24.402819
AMZN,What Is J.D. Vance's Net Worth?,,neutral,2024-07-27 10:06:24.402820
AMZN,Best stock plays amid consumer weakness: Portfolio manager,,neutral,2024-07-27 10:06:24.402821
AMZN,Why Amazon Stock Is Jumping Again Today,,neutral,2024-07-27 10:06:24.402823
AMZN,"Alphabet earnings top estimates as cloud business gains steam, AI losses grow",,positive,2024-07-27 10:06:24.402824
AMZN,Alphabet beats analysts' expectations on top and bottom line as cloud business picks up steam,,positive,2024-07-27 10:06:24.402825
AMZN,Why It's Time to Buy the Dip in Tech Stocks,,neutral,2024-07-27 10:06:24.402826
AMZN,Amazon Talks Responsible AI One Year After Agreeing to Biden Admins Voluntary Commitments,,neutral,2024-07-27 10:06:24.402828
AMZN,"Stocks waver ahead of Tesla, Alphabet Q2 earnings: Yahoo Finance",,neutral,2024-07-27 10:06:24.402829
AMZN,Meta Unveils New AI Model That Rivals Google and OpenAI Models,,neutral,2024-07-27 10:06:24.402830
AMZN,Spotify Keeps the Profit Tune Humming,,neutral,2024-07-27 10:06:24.402832
AMZN,Alexa is losing Amazon billions of dollars,,neutral,2024-07-27 10:06:24.402833
AMZN,This Undervalued Stock Could Join Amazon in the $2 Trillion Club,,neutral,2024-07-27 10:06:24.402834
AMZN,7 Stocks That Are Capitalizing on the Digital World,,neutral,2024-07-27 10:06:24.402836
AMZN,Google Talks To Buy Wiz for $23B Reportedly End,,neutral,2024-07-27 10:06:24.402837
AMZN,Whole Foods settles ex-worker's lawsuit over Black Lives Matter masks,,neutral,2024-07-27 10:06:24.402839
AMZN,"S&P 500 Earnings Shrivel Without Magnificent Seven Names Like Nvidia, Meta",,neutral,2024-07-27 10:06:24.402840
AMZN,Could Earnings Stop the Small-Cap Stocks Rotation in Its Tracks?,,neutral,2024-07-27 10:06:24.402842
AMZN,Jim Cramer Thinks Amazon.com Inc (NASDAQ:AMZN) Can Benefit if Donald Trump Wins Election 2024,,neutral,2024-07-27 10:06:24.402844
AMZN,"Italy seizes $131 million from Amazon over alleged tax, labour offences",,neutral,2024-07-27 10:06:24.402845
AMZN,"Nvidia vs. Amazon: Which ""Magnificent Seven"" Stock Could Be the Better Buy Over the Next 5 Years?",,neutral,2024-07-27 10:06:24.402847
AMZN,Is Rivian Stock a Buy?,,neutral,2024-07-27 10:06:24.402848
AMZN,iRobot Is a Falling Knife That's Too Risky for Most,,neutral,2024-07-27 10:06:24.402849
AMZN,2 Stocks That Can Help You to Get Richer in 2024,,neutral,2024-07-27 10:06:24.402851
AMZN,Amazon Stock (NASDAQ:AMZN) Q2 Earnings Preview: Expect Another Exceptional Quarter,,neutral,2024-07-27 10:06:24.402852
AMZN,Alexa Is in Millions of Householdsand Amazon Is Losing Billions,,neutral,2024-07-27 10:06:24.402853
AMZN,Should You Buy Amazon Stock Before Aug. 1?,,neutral,2024-07-27 10:06:24.402855
AMZN,Amazon (AMZN) Stock Drops Despite Market Gains: Important Facts to Note,,neutral,2024-07-27 10:06:24.402858
AMZN,Warner Bros. Discovery offers to match Amazon offer for NBA rights,,neutral,2024-07-27 10:06:24.402859
AMZN,Warners TNT Makes Matching Offer for Amazons NBA Package,,neutral,2024-07-27 10:06:24.402860
AMZN,Warner Bros. Discovery's TNT Network matches bid for NBA rights,,neutral,2024-07-27 10:06:24.402861
AMZN,Can Rivian Automotive Inc (NASDAQ:RIVN) Become the Next Tesla (TSLA) Due to AI? Analyst Answers,,neutral,2024-07-27 10:06:24.402863
AMZN,Warner Bros. Discovery says it matched a bid for NBA rights,,neutral,2024-07-27 10:06:24.402864
AMZN,"Google parent Alphabet to report Q2 earnings Tuesday with AI, ad spending front and center",,neutral,2024-07-27 10:06:24.402866
AMZN,Top 3 tech picks ahead of Q2 earnings: Evercore's Mahaney,,neutral,2024-07-27 10:06:24.402867
AMZN,"VP Harris's impact on markets, earnings this week: Catalysts",,negative,2024-07-27 10:06:24.402868
AMZN,Google search could bring 'double-barreled' revenue boost,,positive,2024-07-27 10:06:24.402869
GDDY,Forget Shopify: 1 Spectacular E-Commerce Stock to Buy Hand Over Fist Instead,,neutral,2024-07-27 10:06:24.402881
GDDY,Will GoDaddy (GDDY) Beat Estimates Again in Its Next Earnings Report?,,neutral,2024-07-27 10:06:24.402882
GDDY,GoDaddy 2023 Sustainability Report: Frameworks and Metrics  United Nations Sustainable Development Goals,,positive,2024-07-27 10:06:24.402885
GDDY,E-commerce Software Stocks Q1 In Review: Wix (NASDAQ:WIX) Vs Peers,,neutral,2024-07-27 10:06:24.402919
GDDY,Q1 Earnings Outperformers: VeriSign (NASDAQ:VRSN) And The Rest Of The E-commerce Software Stocks,,neutral,2024-07-27 10:06:24.402920
GDDY,"Insider Sale: COO Roger Chen Sells 4,000 Shares of GoDaddy Inc (GDDY)",,neutral,2024-07-27 10:06:24.402924
GDDY,New Survey Shows Companies Are 'All In' On AI,,neutral,2024-07-27 10:06:24.402925
GDDY,GoDaddy 2023 Sustainability Report: Our Operations  Honest and Ethical Conduct,,positive,2024-07-27 10:06:24.402926
GDDY,"GoDaddy Venture Forward Quarterly Newsletter Q2, 2024",,neutral,2024-07-27 10:06:24.402929
GDDY,Analyst Report: GoDaddy Inc.,,neutral,2024-07-27 10:06:24.402934
GDDY,GoDaddy Elects New Board Member,,neutral,2024-07-27 10:06:24.402936
GDDY,The Importance of Listening: Meet Trish Brown,,neutral,2024-07-27 10:06:24.402939
GDDY,Here's Why GoDaddy (GDDY) is a Strong Momentum Stock,,neutral,2024-07-27 10:06:24.402940
GDDY,Wall Street Favorites: 3 Mutual Funds With Strong Buy Ratings for June 2024,,neutral,2024-07-27 10:06:24.402942
GDDY,CRWD Stock Alert: CrowdStrike Joins the S&P 500 Today,,neutral,2024-07-27 10:06:24.402944
GDDY,3 Artificial Intelligence (AI) Stocks That Are Screaming Deals,,neutral,2024-07-27 10:06:24.402948
GDDY,Seeking Intentionality: Meet Hillary Jeffrey,,neutral,2024-07-27 10:06:24.402950
GDDY,GoDaddy 2023 Sustainability Report: Our Operations  Our Environmental Impact,,positive,2024-07-27 10:06:24.402952
GDDY,GoDaddy 2023 Sustainability Report: Our Employees  Employee Experience,,positive,2024-07-27 10:06:24.402956
GDDY,All About Pride Month: Your Pride 101 Guide,,neutral,2024-07-27 10:06:24.402959
GDDY,"Director Leah Sweet Sells 1,000 Shares of GoDaddy Inc (GDDY)",,neutral,2024-07-27 10:06:24.402964
GDDY,S&P 500 Gains and Losses Today: Southwest Airlines Soars as Activist Pushes for Change,,neutral,2024-07-27 10:06:24.402967
GDDY,"CrowdStrike, KKR, GoDaddy To Join S&P 500 In Quarterly Rebalance; Stocks Jump",,neutral,2024-07-27 10:06:24.402969
GDDY,"CrowdStrike, KKR, GoDaddy Stocks Rally Ahead of S&P 500 Inclusion",,neutral,2024-07-27 10:06:24.402972
GDDY,"Here's Why Stocks Such as CrowdStrike and KKR Jumped Today, Whereas Stocks Such as Illumina Dropped",,neutral,2024-07-27 10:06:24.402973
GDDY,"KKR, CrowdStrike Stocks Pop. Why Joining the S&P 500 Is Better Than the Dow.",,neutral,2024-07-27 10:06:24.402974
GDDY,"Top Stock Movers Now: Southwest Airlines, Planet Fitness, AMD, and More",,neutral,2024-07-27 10:06:24.402975
GDDY,KKR Stock Pops 10% on June 21 Inclusion in the S&P 500,,neutral,2024-07-27 10:06:24.402977
GDDY,Apollo and These 3 Companies Could Be the Next Additions to S&P 500,,neutral,2024-07-27 10:06:24.402980
GDDY,GDDY Stock Alert: GoDaddy Will Join the S&P 500 on June 21,,neutral,2024-07-27 10:06:24.402982
GDDY,"Dear CRWD Stock Fans, Mark Your Calendars for June 21",,neutral,2024-07-27 10:06:24.402983
GDDY,"KKR, CrowdStrike, and GoDaddy Gain on S&P 500 Inclusion",,neutral,2024-07-27 10:06:24.402984
GDDY,GoDaddy 2023 Sustainability Report: Our Employees  Representation Matters,,positive,2024-07-27 10:06:24.402985
GDDY,5 Things to Know Before the Stock Market Opens,,neutral,2024-07-27 10:06:24.402987
GDDY,GoDaddy and CrowdStrike Will Join the S&P 500 Later This Month,,neutral,2024-07-27 10:06:24.402988
GDDY,"KKR, CrowdStrike and GoDaddy to Join S&P 500 as Index Rebalances",,neutral,2024-07-27 10:06:24.402989
GDDY,"CrowdStrike, KKR, GoDaddy to join benchmark S&P 500",,neutral,2024-07-27 10:06:24.402990
GDDY,Embracing Diversity: Hosting a Meaningful Pride Event,,neutral,2024-07-27 10:06:24.402994
GDDY,"Insider Sale: COO Roger Chen Sells 4,000 Shares of GoDaddy Inc (GDDY)",,neutral,2024-07-27 10:06:24.402996
GDDY,GoDaddy 2023 Sustainability Report: Our Employees  Our People-Centered Strategy,,positive,2024-07-27 10:06:24.402997
GDDY,How GoDaddy Changed My Life: Meet Chrisondra Gray,,neutral,2024-07-27 10:06:24.403000
GDDY,GoDaddy on Tomorrow's World Today: A Deep Dive Into Generative AI,,neutral,2024-07-27 10:06:24.403004
GDDY,Insider Sale: CFO Mark Mccaffrey Sells Shares of GoDaddy Inc (GDDY),,neutral,2024-07-27 10:06:24.403005
GDDY,GoDaddy Inc. Completes Refinancing and Extension of Existing Tranche B-4 Term Loans and Certain Tranche B-6 Term Loans,,neutral,2024-07-27 10:06:24.403006
GDDY,The Best Country to Live Cheaply Outside the US,,neutral,2024-07-27 10:06:24.403012
GDDY,GoDaddy 2023 Sustainability Report: Our Customers  Customer Experience,,positive,2024-07-27 10:06:24.403015
GDDY,Embracing Asian Heritage Month: Meet Manoj Rajasekar,,neutral,2024-07-27 10:06:24.403017
GDDY,"Have $1,000? 3 Tech Stocks to Buy for 10X Returns by 2035",,neutral,2024-07-27 10:06:24.403018
GDDY,GoDaddy Expands Generative AI Prompt Library Capabilities to Turbo-Charge SMB Support,,positive,2024-07-27 10:06:24.403022
GDDY,GoDaddy 2023 Sustainability Report: About GoDaddy  Corporate Governance,,positive,2024-07-27 10:06:24.403025
GDDY,Priority With Clarity: Meet Ashwini Siddhi,,neutral,2024-07-27 10:06:24.403028
GDDY,The 3 Most Undervalued Consumer Stocks to Buy in May 2024,,neutral,2024-07-27 10:06:24.403033
TGT,3 Signs You Shouldn't Set Foot in Target,,neutral,2024-07-27 10:06:24.403038
TGT,"Jim Cramer Says A Consumer Rebellion Is Coming, That Could Be Good News For These Dividend Stocks",,neutral,2024-07-27 10:06:24.403040
TGT,Is Trending Stock Target Corporation (TGT) a Buy Now?,,neutral,2024-07-27 10:06:24.403044
TGT,Implied Volatility Surging for Target (TGT) Stock Options,,neutral,2024-07-27 10:06:24.403045
TGT,Target opening these locations in July...,,positive,2024-07-27 10:06:24.403050
TGT,Target Corporation (TGT): Is It Among the Best Dividend Stocks According to Street Analysts?,,neutral,2024-07-27 10:06:24.403051
TGT,15 Best Stocks For Dividends,,neutral,2024-07-27 10:06:24.403053
TGT,Target (TGT) Stock Declines While Market Improves: Some Information for Investors,,neutral,2024-07-27 10:06:24.403054
TGT,Is Most-Watched Stock Target Corporation (TGT) Worth Betting on Now?,,neutral,2024-07-27 10:06:24.403058
TGT,The 3 Most Undervalued S&P 500 Stocks to Buy in July 2024,,neutral,2024-07-27 10:06:24.403060
TGT,3 High-Dividend Stocks to Buy if You Are Seeking Consistent Payouts,,neutral,2024-07-27 10:06:24.403061
TGT,Walmart Is Leveraging Tech to Win in Retail. Why Its Working.,,neutral,2024-07-27 10:06:24.403066
TGT,Target (TGT) Stock Sinks As Market Gains: Here's Why,,neutral,2024-07-27 10:06:24.403069
TGT,Target Corporation (TGT): Hedge Funds Are Bullish On This Consumer Staples Stock Now,,neutral,2024-07-27 10:06:24.403071
TGT,Target Corporation's (TGT) Quarterly Earnings Fell Short of Expectations,,negative,2024-07-27 10:06:24.403074
TGT,3 High-Potential Stocks on Track to Double by Next Year,,neutral,2024-07-27 10:06:24.403075
TGT,Stock Market Outlook: Why Amazon Prime Day Means More Than Just Deals,,neutral,2024-07-27 10:06:24.403076
TGT,3 Healthcare Stocks to Sell in July Before They Crash & Burn,,neutral,2024-07-27 10:06:24.403077
TGT,10 Best Consumer Staples Stocks To Buy Now,,neutral,2024-07-27 10:06:24.403079
TGT,Target kicks off back-to-school season with omnichannel sale,,positive,2024-07-27 10:06:24.403081
TGT,"Target Announces Back-to-School and College Savings, Including 20 Must-Have Supplies for Under $20 Total, and Exclusive Savings for Target Circle Members",,neutral,2024-07-27 10:06:24.403083
TGT,Impossible Foods CEO's message to BBQing investors: We could end up selling the company,,neutral,2024-07-27 10:06:24.403084
TGT,Is Target Corporation (TGT) the Best Dividend Growth Stock to Buy and Hold Now?,,neutral,2024-07-27 10:06:24.403085
TGT,10 Best Dividend Growth Stocks to Buy and Hold Now,,neutral,2024-07-27 10:06:24.403086
TGT,3 Retail Stocks to Sell in July Before They Crash & Burn,,neutral,2024-07-27 10:06:24.403090
TGT,3 Dividend Stocks to Sell in July Before They Crash & Burn,,neutral,2024-07-27 10:06:24.403091
TGT,"Target takes deep dive into sleepwear, intimates",,neutral,2024-07-27 10:06:24.403093
TGT,Fourth of July parties will cost almost $100 to host this year as consumers seek value,,neutral,2024-07-27 10:06:24.403098
TGT,4th of July parties will cost almost $100 to host this year as consumers seek value,,positive,2024-07-27 10:06:24.403100
TGT,Here's Why You May Never Want to Set Foot in Target Again,,neutral,2024-07-27 10:06:24.403101
TGT,7 Dividend Kings to Buy With Your Roth IRA Money in 2024,,neutral,2024-07-27 10:06:24.403103
TGT,What's Going On With Walmart And Target Corp Stock On Tuesday?,,neutral,2024-07-27 10:06:24.403106
TGT,Target Stock Slips After Company Lowers Prices,,negative,2024-07-27 10:06:24.403107
TGT,Target shakes up leadership team; starts search for new chief marketing officer,,neutral,2024-07-27 10:06:24.403110
TGT,Target Announces Return of Target Circle Week July 7-13 with Savings Up to 50% Off Thousands of Items,,neutral,2024-07-27 10:06:24.403112
TGT,Target and Shopify partner to enhance third-party digital marketplace,,positive,2024-07-27 10:06:24.403113
TGT,Target teams with Shopify to expand its marketplace,,neutral,2024-07-27 10:06:24.403114
TGT,Target Announces Updates to Leadership Team,,neutral,2024-07-27 10:06:24.403115
TGT,Target names new head of grocery merchandising amid C-suite reshuffle,,neutral,2024-07-27 10:06:24.403117
TGT,"Crypto under pressure, Good Buy or Goodbye: Market Domination",,neutral,2024-07-27 10:06:24.403118
TGT,Target Partners With Shopify. Will It Help Close the Gap With Amazon and Walmart?,,neutral,2024-07-27 10:06:24.403119
TGT,"Target to Offer Select Shopify Brands Online and In Store, Expanding Its Marketplace",,neutral,2024-07-27 10:06:24.403120
TGT,"Stocks to Watch Monday: Target, Meta, Coinbase, Nvidia, Apple",,neutral,2024-07-27 10:06:24.403123
TGT,"Tech sector growth, EU considers fining Apple: Morning Brief",,neutral,2024-07-27 10:06:24.403124
TGT,3 Stocks Set to Surge as Thrifty Consumers Take Advantage of Cooling Prices,,neutral,2024-07-27 10:06:24.403125
TGT,Target-Shopify partnership: How small businesses can benefit,,neutral,2024-07-27 10:06:24.403127
TGT,Target Teams With Shopify To Boost Online Sales,,neutral,2024-07-27 10:06:24.403128
TGT,Target+ now open to Shopify sellers in new partnership,,neutral,2024-07-27 10:06:24.403129
TGT,Target and Shopify Partner to Help Consumers Discover and Shop an Expanded Assortment on Target.com,,neutral,2024-07-27 10:06:24.403130
TGT,"Coca-Cola Is a Rock-Solid Dividend King, but So Is This Dirt Cheap Stock That's Down 13% in the Past 3 Months",,neutral,2024-07-27 10:06:24.403132
TGT,3 Dividend Stocks That Recently Raised Their Payouts,,neutral,2024-07-27 10:06:24.403133
TGT,"Want $2,000 in Passive Income? Invest $15,000 in These 5 Dividend Stocks and Wait 4 Years",,neutral,2024-07-27 10:06:24.403134
TGT,Target Is Bringing AI Into Its Stores,,neutral,2024-07-27 10:06:24.403138
TGT,Target equipping store associates with generative AI chatbot,,neutral,2024-07-27 10:06:24.403140
TGT,10 Best Dividend Kings to Buy for Safe Dividend Growth,,neutral,2024-07-27 10:06:24.403143
TGT,Target to roll out generative AI chatbot for store employees,,neutral,2024-07-27 10:06:24.403144
TGT,Target Moves Further Into AI Space With 'Store Companion' Chatbot for Employees,,neutral,2024-07-27 10:06:24.403145
TGT,Target to Roll Out Transformative GenAI Technology to its Store Team Members Chainwide,,neutral,2024-07-27 10:06:24.403147
TGT,Heres what Target needs to do to get its act together,,neutral,2024-07-27 10:06:24.403148
TGT,3 Robotics Stocks to Buy Now: June 2024,,neutral,2024-07-27 10:06:24.403149
TGT,Target Corporation (TGT) Is a Trending Stock: Facts to Know Before Betting on It,,neutral,2024-07-27 10:06:24.403150
TGT,What a Biden-Trump rematch means for the largest retail stocks,,neutral,2024-07-27 10:06:24.403154
TGT,Why Dollar Tree Is Looking to Cut Its Losses With Family Dollar,,negative,2024-07-27 10:06:24.403155
TGT,Target Announces Voting Results from 2024 Annual Meeting of Shareholders,,neutral,2024-07-27 10:06:24.403159
TGT,This week in Bidenomics: Signs of a slowdown,,neutral,2024-07-27 10:06:24.403161
TGT,The Clean Tech You Need: PathSpot CEO Christine Schindler at Nasdaq,,neutral,2024-07-27 10:06:24.403165
TGT,Targets Supply-Chain Chief Turned to Stores to Answer the Online Fulfillment Challenge,,neutral,2024-07-27 10:06:24.403166
URBN,Here's Why Urban Outfitters (URBN) is Outpacing the Industry,,positive,2024-07-27 10:06:24.403177
URBN,Social media is bringing customers back into stores,,neutral,2024-07-27 10:06:24.403179
URBN,"Urban Outfitters blends physical, digital with back-to-school campaign",,neutral,2024-07-27 10:06:24.403181
URBN,How Jeans for Millennials Helped Revive Abercrombie & Fitch Stock,,neutral,2024-07-27 10:06:24.403183
URBN,Here's Why Urban Outfitters (URBN) is a Strong Momentum Stock,,positive,2024-07-27 10:06:24.403193
URBN,Urban Outfitters (URBN) Up 14.4% Since Last Earnings Report: Can It Continue?,,positive,2024-07-27 10:06:24.403196
URBN,Urban Outfitters' (URBN) Robust Moves Drive Market Leadership,,positive,2024-07-27 10:06:24.403197
URBN,Why Urban Outfitters (URBN) is a Top Momentum Stock for the Long-Term,,positive,2024-07-27 10:06:24.403200
URBN,"Urban Outfitters (URBN) Rides on FP Movement, Nuuly Expansion",,neutral,2024-07-27 10:06:24.403207
URBN,Harley-Davidson demands Next destroys copycat logo T-shirts,,neutral,2024-07-27 10:06:24.403210
URBN,"Urban Outfitters Stock Upgraded, Quarterly Profit Growth Ranges Up To 120%",,positive,2024-07-27 10:06:24.403211
URBN,Gap (GPS) Q1 Earnings: What To Expect,,neutral,2024-07-27 10:06:24.403212
URBN,"These Stocks Moved the Most Today: Nvidia, Target, First Solar, Analog Devices, Petco, Lululemon, ViaSat, and More",,neutral,2024-07-27 10:06:24.403217
URBN,Urban Outfitters Stock Sinks Despite Surprise Earnings Gain As Namesake Brand Drags,,neutral,2024-07-27 10:06:24.403219
URBN,Urban Outfitters Stock: Surprise Earnings Gain But Namesake Brand Continues To Drag,,neutral,2024-07-27 10:06:24.403222
URBN,"Urban Outfitters (URBN) Q1 Earnings Beat, Sales Improve Y/Y",,neutral,2024-07-27 10:06:24.403223
URBN,"Retail Tech: Kohls Teams with Instacart for Same-Day Delivery, URBN Taps Stripe for Payments",,neutral,2024-07-27 10:06:24.403225
URBN,Urban Outfitters Stock Undercuts Key Level Despite Surprise Earnings,,negative,2024-07-27 10:06:24.403226
URBN,"Stocks to Watch Wednesday: Target, Tesla, Nvidia, PDD",,neutral,2024-07-27 10:06:24.403227
URBN,"Urban Outfitters, Inc. (NASDAQ:URBN) Q1 2025 Earnings Call Transcript",,neutral,2024-07-27 10:06:24.403228
URBN,"Midday movers: Target, Lululemon and ViaSat fall; TJX rises",,negative,2024-07-27 10:06:24.403229
URBN,5 Things to Know Before the Stock Market Opens,,neutral,2024-07-27 10:06:24.403231
URBN,"Urban Outfitters Stock Soars On Earnings Surprise, Eyes Early Entry",,neutral,2024-07-27 10:06:24.403232
URBN,Urban Outfitters Stock Jumps After Non-Namesake Brands Drive Earnings Beat,,neutral,2024-07-27 10:06:24.403233
URBN,"Analyst Report: Urban Outfitters, Inc.",,neutral,2024-07-27 10:06:24.403235
URBN,"URBN Stock Earnings: Urban Outfitters Beats EPS, Beats Revenue for Q1 2025",,positive,2024-07-27 10:06:24.403236
URBN,Urban Outfitters (URBN) Q1 Earnings: How Key Metrics Compare to Wall Street Estimates,,neutral,2024-07-27 10:06:24.403238
URBN,"Urban Outfitters, Toll Brothers: After-Hours Movers",,neutral,2024-07-27 10:06:24.403239
URBN,Urban Outfitters (URBN) Q1 Earnings and Revenues Beat Estimates,,positive,2024-07-27 10:06:24.403241
URBN,"Urban Outfitters's (NASDAQ:URBN) Q1 Sales Top Estimates, Stock Soars",,neutral,2024-07-27 10:06:24.403242
URBN,Urban Outfitters: Fiscal Q1 Earnings Snapshot,,neutral,2024-07-27 10:06:24.403243
URBN,"Urban Outfitters, Gen Z Retail Peers Fashion Buy Points With Earnings Due",,neutral,2024-07-27 10:06:24.403244
URBN,URBN Reports Record Q1 Sales and Earnings,,negative,2024-07-27 10:06:24.403245
URBN,"Earnings Exchange: Toll Brothers, Urban Outfitters",,neutral,2024-07-27 10:06:24.403246
URBN,"Macy's earnings, Fedspeak: What to Watch",,neutral,2024-07-27 10:06:24.403248
URBN,Urban Outfitters (URBN) Reports Q1: Everything You Need To Know Ahead Of Earnings,,neutral,2024-07-27 10:06:24.403249
URBN,Urban Outfitters (URBN) to Report Q1 Earnings: What to Expect?,,neutral,2024-07-27 10:06:24.403250
URBN,Stay Ahead of the Game With Urban Outfitters (URBN) Q1 Earnings: Wall Street's Insights on Key Metrics,,neutral,2024-07-27 10:06:24.403252
URBN,"Analyst Report: Urban Outfitters, Inc.",,neutral,2024-07-27 10:06:24.403256
URBN,Zero Waste Daniel Turns Nuulys Retired Denim into Patchwork Pieces,,neutral,2024-07-27 10:06:24.403265
URBN,Urban Outfitters downgraded by Jeffries over slowing traffic,,negative,2024-07-27 10:06:24.403266
URBN,Trump Media Stock Too Risky? 3 Safer Stocks to Buy for the Same Price as DJT,,neutral,2024-07-27 10:06:24.403270
URBN,Urban Outfitters Stock Falls After Jefferies Downgrade as Retailer's Foot Traffic Slows,,neutral,2024-07-27 10:06:24.403271
URBN,Why Urban Outfitters (URBN) is a Top Value Stock for the Long-Term,,positive,2024-07-27 10:06:24.403273
URBN,Urban Outfitters (URBN) Up 4% Since Last Earnings Report: Can It Continue?,,positive,2024-07-27 10:06:24.403275
URBN,Q4 2024 Urban Outfitters Inc Earnings Call,,neutral,2024-07-27 10:06:24.403288
URBN,Why Urban Outfitters Stock Sank 14% Today,,neutral,2024-07-27 10:06:24.403289
URBN,"Urban Outfitters, Inc. (NASDAQ:URBN) Q4 2024 Earnings Call Transcript",,neutral,2024-07-27 10:06:24.403290
URBN,"Urban Outfitters (URBN) Q4 Earnings Miss, Sales Improve Y/Y",,neutral,2024-07-27 10:06:24.403291
URBN,"Analyst Report: Urban Outfitters, Inc.",,neutral,2024-07-27 10:06:24.403292
URBN,Urban Outfitters (URBN) Q4 Earnings: Taking a Look at Key Metrics Versus Estimates,,neutral,2024-07-27 10:06:24.403293
URBN,Urban Outfitters (URBN) Q4 Earnings and Revenues Miss Estimates,,neutral,2024-07-27 10:06:24.403295
URBN,"Urban Outfitters, Bumble, Beyond Meat: After-Hours Movers",,neutral,2024-07-27 10:06:24.403296
URBN,"Urban Outfitters (NASDAQ:URBN) Misses Q4 Revenue Estimates, Stock Drops",,negative,2024-07-27 10:06:24.403299
URBN,URBN Reports Record Q4 Sales and Strong Earnings Growth,,positive,2024-07-27 10:06:24.403300
URBN,Are Investors Undervaluing Urban Outfitters (URBN) Right Now?,,neutral,2024-07-27 10:06:24.403301
